TITLE,ACE2_0.27uM
DATA TYPE,
ORIGIN,JASCO
OWNER,
DATE,24/02/26
TIME,14:33:18
SPECTROMETER/DATA SYSTEM,
LOCALE,1033
RESOLUTION,
DELTAX,-0.1
XUNITS,NANOMETERS
YUNITS,CD [mdeg]
Y2UNITS,HT [V]
FIRSTX,  350.0000
LASTX,  190.0000
NPOINTS,    1601
FIRSTY,     1.11205
MAXY,    19.78975
MINY,    -4.05139
XYDATA
350.0000,1.11205,471.226
349.9000,1.15193,470.624
349.8000,1.32575,469.773
349.7000,1.48409,468.91
349.6000,1.40412,468.293
349.5000,0.900724,467.754
349.4000,0.88323,466.889
349.3000,0.740153,466.27
349.2000,0.697218,465.742
349.1000,0.567208,464.927
349.0000,0.248232,464.293
348.9000,-0.154164,463.72
348.8000,-0.55561,462.835
348.7000,-0.302888,461.95
348.6000,-0.228291,461.313
348.5000,-0.269953,460.77
348.4000,-0.149484,459.905
348.3000,-0.0425242,459.25
348.2000,0.271767,458.675
348.1000,0.496779,457.81
348.0000,0.798063,457.175
347.9000,0.891498,456.614
347.8000,0.741052,455.794
347.7000,0.757618,454.964
347.6000,0.818589,454.38
347.5000,0.966602,453.894
347.4000,1.01085,453.095
347.3000,1.07859,452.493
347.2000,1.01546,451.971
347.1000,1.04254,451.239
347.0000,1.18069,450.699
346.9000,1.05797,450.227
346.8000,0.960479,449.461
346.7000,0.651276,448.675
346.6000,0.163742,448.1
346.5000,-0.0681905,447.375
346.4000,-0.233976,446.646
346.3000,-0.60422,446.062
346.2000,-0.938274,445.276
346.1000,-0.985898,444.484
346.0000,-0.904918,443.914
345.9000,-0.869483,443.436
345.8000,-0.630885,442.676
345.7000,-0.612861,442.107
345.6000,-0.677615,441.607
345.5000,-0.549673,440.888
345.4000,-0.187639,440.367
345.3000,-0.0847331,439.921
345.2000,-0.228951,439.211
345.1000,-0.316346,438.484
345.0000,-0.47231,437.953
344.9000,-0.351669,437.283
344.8000,-0.104248,436.602
344.7000,0.0216654,436.072
344.6000,0.0333944,435.4
344.5000,0.0677063,434.716
344.4000,0.147415,434.21
344.3000,0.289256,433.548
344.2000,0.421593,432.876
344.1000,0.574872,432.369
344.0000,0.547023,431.721
343.9000,0.558167,431.066
343.8000,0.531277,430.577
343.7000,0.614796,430.152
343.6000,0.644148,429.51
343.5000,0.705953,429.051
343.4000,0.769953,428.663
343.3000,0.781059,428.029
343.2000,0.702645,427.56
343.1000,0.661803,427.151
343.0000,0.657881,426.554
342.9000,0.718878,425.945
342.8000,0.694399,425.486
342.7000,0.415189,424.867
342.6000,0.0523102,424.235
342.5000,-0.14442,423.78
342.4000,-0.0727854,423.211
342.3000,0.0799011,422.636
342.2000,0.0653829,422.195
342.1000,-0.175915,421.624
342.0000,-0.30765,421.053
341.9000,-0.168912,420.649
341.8000,0.133738,420.111
341.7000,0.274521,419.56
341.6000,0.260063,419.147
341.5000,0.0489146,418.593
341.4000,0.0744659,418.03
341.3000,0.0587799,417.598
341.2000,-0.0212219,417.042
341.1000,-0.15909,416.47
341.0000,-0.386482,416.048
340.9000,-0.391948,415.496
340.8000,-0.379828,414.935
340.7000,-0.356449,414.516
340.6000,-0.456954,414.006
340.5000,-0.495396,413.493
340.4000,-0.424227,413.11
340.3000,-0.158446,412.599
340.2000,0.107664,412.081
340.1000,0.28739,411.707
340.0000,0.0948619,411.227
339.9000,0.0598958,410.74
339.8000,0.0325267,410.367
339.7000,0.0193105,409.872
339.6000,-0.0503072,409.363
339.5000,-0.0808838,408.99
339.4000,-0.0265696,408.514
339.3000,-0.162872,408.016
339.2000,-0.0681101,407.475
339.1000,0.181188,406.992
339.0000,0.173401,406.491
338.9000,0.31845,405.962
338.8000,0.405582,405.492
338.7000,0.299096,405.017
338.6000,0.184942,404.489
338.5000,0.29845,404.026
338.4000,0.380545,403.684
338.3000,0.288819,403.264
338.2000,0.328105,402.845
338.1000,0.497175,402.542
338.0000,0.564868,402.127
337.9000,0.584257,401.703
337.8000,0.588382,401.404
337.7000,0.65585,401.004
337.6000,0.71372,400.595
337.5000,0.621699,400.279
337.4000,0.585664,399.863
337.3000,0.372335,399.434
337.2000,0.25724,398.968
337.1000,0.165377,398.554
337.0000,0.0250854,398.13
336.9000,-0.155697,397.679
336.8000,-0.343978,397.282
336.7000,-0.268856,396.888
336.6000,-0.299746,396.457
336.5000,-0.330862,396.067
336.4000,-0.51158,395.786
336.3000,-0.603636,395.403
336.2000,-0.600206,395.017
336.1000,-0.566698,394.731
336.0000,-0.538603,394.368
335.9000,-0.422958,393.986
335.8000,-0.51003,393.548
335.7000,-0.433532,393.157
335.6000,-0.0945292,392.765
335.5000,0.00424906,392.358
335.4000,0.127076,392.001
335.3000,0.380426,391.646
335.2000,0.46103,391.263
335.1000,0.399443,390.923
335.0000,0.433736,390.7
334.9000,0.4877,390.387
334.8000,0.296526,390.055
334.7000,0.204589,389.684
334.6000,0.154954,389.359
334.5000,0.0106852,389.023
334.4000,-0.0238749,388.646
334.3000,0.0344238,388.298
334.2000,-0.0617605,387.94
334.1000,-0.17547,387.54
334.0000,-0.146505,387.187
333.9000,-0.0892395,386.931
333.8000,0.0328979,386.607
333.7000,0.069278,386.272
333.6000,-0.0830638,385.895
333.5000,-0.173245,385.564
333.4000,-0.19222,385.234
333.3000,-0.117126,384.902
333.2000,-0.101634,384.623
333.1000,-0.0757406,384.34
333.0000,-0.00142008,384.02
332.9000,0.0941813,383.732
332.8000,0.23553,383.415
332.7000,0.360083,383.142
332.6000,0.43895,382.858
332.5000,0.462084,382.526
332.4000,0.455955,382.225
332.3000,0.585564,381.915
332.2000,0.796437,381.578
332.1000,0.746428,381.271
332.0000,0.792415,380.924
331.9000,0.762236,380.62
331.8000,0.626502,380.311
331.7000,0.578076,379.992
331.6000,0.424615,379.709
331.5000,0.347743,379.309
331.4000,0.0420481,378.986
331.3000,-0.161833,378.702
331.2000,-0.432386,378.406
331.1000,-0.549245,378.148
331.0000,-0.533324,377.883
330.9000,-0.568829,377.589
330.8000,-0.477228,377.328
330.7000,-0.410726,377.052
330.6000,-0.32212,376.816
330.5000,-0.0882497,376.579
330.4000,0.251037,376.29
330.3000,0.458655,376.032
330.2000,0.42456,375.696
330.1000,0.525746,375.434
330.0000,0.744507,375.209
329.9000,0.751086,374.904
329.8000,0.582245,374.622
329.7000,0.386909,374.265
329.6000,0.235573,374.002
329.5000,0.0353963,373.777
329.4000,-0.0128916,373.481
329.3000,-0.0632843,373.204
329.2000,-0.127574,372.884
329.1000,-0.311304,372.667
329.0000,-0.341135,372.503
328.9000,-0.311591,372.242
328.8000,-0.355006,371.991
328.7000,-0.513918,371.726
328.6000,-0.461446,371.564
328.5000,-0.430116,371.446
328.4000,-0.638107,371.154
328.3000,-0.56027,370.863
328.2000,-0.391089,370.589
328.1000,-0.345156,370.423
328.0000,-0.352043,370.311
327.9000,-0.164553,370
327.8000,-0.033257,369.666
327.7000,0.0146708,369.335
327.6000,0.173424,369.156
327.5000,0.310737,369.052
327.4000,0.371096,368.746
327.3000,0.51745,368.413
327.2000,0.546232,368.127
327.1000,0.549496,368.001
327.0000,0.484679,367.949
326.9000,0.524696,367.695
326.8000,0.515614,367.412
326.7000,0.478123,367.148
326.6000,0.424808,367.027
326.5000,0.155859,366.975
326.4000,0.0769908,366.675
326.3000,0.00701294,366.332
326.2000,-0.180177,366.013
326.1000,-0.219477,365.842
326.0000,-0.200244,365.53
325.9000,-0.156841,365.197
325.8000,-0.212798,364.847
325.7000,-0.0369853,364.53
325.6000,0.0763509,364.37
325.5000,0.138632,364.106
325.4000,0.237932,363.817
325.3000,0.247202,363.508
325.2000,0.181766,363.387
325.1000,0.100372,363.349
325.0000,0.0569305,361.921
324.9000,-0.00017395,351.521
324.8000,-0.115467,337.814
324.7000,-0.141201,323.49
324.6000,-0.0138601,309.059
324.5000,0.0459503,294.464
324.4000,-0.0155121,279.822
324.3000,-0.0888448,265.151
324.2000,-0.240411,250.626
324.1000,-0.35058,243.336
324.0000,-0.398242,241.544
323.9000,-0.445675,240.963
323.8000,-0.489167,240.664
323.7000,-0.532304,240.512
323.6000,-0.526421,240.343
323.5000,-0.43703,240.186
323.4000,-0.318759,240.019
323.3000,-0.243242,239.941
323.2000,-0.245294,239.904
323.1000,-0.169378,239.786
323.0000,-0.109202,239.663
322.9000,-0.115987,239.504
322.8000,-0.0756002,239.4
322.7000,-0.0850372,239.224
322.6000,-0.0609294,239.048
322.5000,0.0851613,238.843
322.4000,0.173853,238.633
322.3000,0.174256,238.475
322.2000,0.190803,238.243
322.1000,0.129293,238.028
322.0000,0.0878021,237.822
321.9000,0.131939,237.685
321.8000,0.0973674,237.506
321.7000,0.0442657,237.348
321.6000,0.021108,237.202
321.5000,0.0901916,237.054
321.4000,0.0955353,236.989
321.3000,0.137045,236.902
321.2000,0.0848816,236.819
321.1000,-0.059082,236.708
321.0000,-0.129942,236.66
320.9000,-0.167191,236.577
320.8000,-0.150889,236.491
320.7000,-0.131807,236.385
320.6000,-0.157879,236.275
320.5000,-0.141233,236.208
320.4000,-0.0830617,236.077
320.3000,0.0882487,235.959
320.2000,0.252522,235.825
320.1000,0.427421,235.739
320.0000,0.421302,235.619
319.9000,0.348686,235.515
319.8000,0.332447,235.396
319.7000,0.307407,235.273
319.6000,0.224604,235.156
319.5000,0.112947,235.071
319.4000,-0.0684469,234.996
319.3000,-0.267043,234.872
319.2000,-0.383042,234.78
319.1000,-0.331469,234.65
319.0000,-0.332103,234.532
318.9000,-0.348597,234.38
318.8000,-0.323136,234.267
318.7000,-0.338191,234.099
318.6000,-0.210759,233.929
318.5000,-0.0624624,233.777
318.4000,0.0647502,233.642
318.3000,0.0225118,233.516
318.2000,-0.0506012,233.411
318.1000,-0.123385,233.334
318.0000,-0.160514,233.235
317.9000,-0.144171,233.185
317.8000,-0.12592,233.121
317.7000,-0.155638,233.067
317.6000,-0.182383,232.962
317.5000,-0.200319,232.876
317.4000,-0.134328,232.756
317.3000,0.0275533,232.632
317.2000,0.136014,232.491
317.1000,0.273774,232.357
317.0000,0.366228,232.19
316.9000,0.35539,232.027
316.8000,0.283955,231.883
316.7000,0.269303,231.757
316.6000,0.222356,231.646
316.5000,0.0682678,231.545
316.4000,-0.0740377,231.427
316.3000,-0.215328,231.32
316.2000,-0.273857,231.233
316.1000,-0.283948,231.171
316.0000,-0.270916,231.125
315.9000,-0.26525,231.031
315.8000,-0.222769,230.947
315.7000,-0.163551,230.835
315.6000,-0.00491536,230.761
315.5000,0.086673,230.653
315.4000,0.130093,230.559
315.3000,0.20123,230.417
315.2000,0.255184,230.27
315.1000,0.263756,230.135
315.0000,0.34276,230.017
314.9000,0.379357,229.909
314.8000,0.23986,229.805
314.7000,0.121242,229.698
314.6000,-0.059198,229.604
314.5000,-0.186377,229.524
314.4000,-0.215981,229.461
314.3000,-0.193631,229.366
314.2000,-0.228563,229.278
314.1000,-0.30624,229.167
314.0000,-0.272179,229.062
313.9000,-0.181866,228.943
313.8000,-0.122485,228.832
313.7000,-0.0570048,228.686
313.6000,-0.0566762,228.547
313.5000,-0.0635803,228.419
313.4000,-0.104307,228.305
313.3000,-0.135133,228.202
313.2000,-0.187624,228.106
313.1000,-0.223061,228.004
313.0000,-0.225621,227.915
312.9000,-0.243247,227.836
312.8000,-0.234574,227.775
312.7000,-0.162528,227.687
312.6000,-0.0861776,227.609
312.5000,-0.0585409,227.501
312.4000,-0.0121969,227.393
312.3000,0.0587331,227.273
312.2000,0.00410055,227.158
312.1000,-0.0104065,227.016
312.0000,0.00745443,226.878
311.9000,-0.0349009,226.739
311.8000,-0.0816528,226.602
311.7000,-0.149954,226.492
311.6000,-0.1959,226.36
311.5000,-0.212451,226.256
311.4000,-0.122351,226.148
311.3000,-0.051238,226.076
311.2000,0.0680786,225.985
311.1000,0.156444,225.922
311.0000,0.169073,225.854
310.9000,0.232522,225.788
310.8000,0.361399,225.716
310.7000,0.407331,225.659
310.6000,0.430099,225.577
310.5000,0.526806,225.505
310.4000,0.489366,225.433
310.3000,0.394895,225.372
310.2000,0.324742,225.314
310.1000,0.320273,225.267
310.0000,0.29331,225.212
309.9000,0.374181,225.168
309.8000,0.406497,225.128
309.7000,0.360055,225.061
309.6000,0.322227,225.012
309.5000,0.306926,224.947
309.4000,0.351958,224.892
309.3000,0.399849,224.793
309.2000,0.452821,224.716
309.1000,0.348153,224.616
309.0000,0.310988,224.528
308.9000,0.311572,224.449
308.8000,0.311208,224.38
308.7000,0.38159,224.315
308.6000,0.398252,224.254
308.5000,0.304781,224.188
308.4000,0.228324,224.125
308.3000,0.229808,224.083
308.2000,0.278907,224.007
308.1000,0.283669,223.946
308.0000,0.3033,223.878
307.9000,0.295851,223.818
307.8000,0.300253,223.722
307.7000,0.314842,223.652
307.6000,0.295172,223.576
307.5000,0.338264,223.465
307.4000,0.336141,223.387
307.3000,0.295431,223.317
307.2000,0.278532,223.258
307.1000,0.206447,223.167
307.0000,0.132234,223.104
306.9000,0.0979451,223.047
306.8000,0.125086,223.01
306.7000,0.102498,222.964
306.6000,0.0208435,222.911
306.5000,0.0124298,222.864
306.4000,0.0763601,222.781
306.3000,0.0908203,222.721
306.2000,0.15672,222.647
306.1000,0.14325,222.578
306.0000,0.0861094,222.478
305.9000,0.00526021,222.406
305.8000,0.00669047,222.354
305.7000,0.0645406,222.266
305.6000,-0.0138957,222.204
305.5000,-0.107579,222.157
305.4000,-0.180738,222.127
305.3000,-0.166966,222.06
305.2000,-0.0919769,222.014
305.1000,-0.0175863,221.972
305.0000,0.0378306,221.891
304.9000,0.0275736,221.84
304.8000,0.0162984,221.787
304.7000,0.142344,221.732
304.6000,0.226123,221.645
304.5000,0.290085,221.589
304.4000,0.266695,221.549
304.3000,0.237609,221.464
304.2000,0.219239,221.413
304.1000,0.249796,221.381
304.0000,0.285671,221.36
303.9000,0.25173,221.296
303.8000,0.222709,221.251
303.7000,0.126278,221.222
303.6000,0.0599548,221.147
303.5000,0.092982,221.104
303.4000,0.168886,221.063
303.3000,0.220896,220.992
303.2000,0.152514,220.917
303.1000,0.113855,220.869
303.0000,0.0536092,220.839
302.9000,0.104383,220.764
302.8000,0.143014,220.715
302.7000,0.0773794,220.681
302.6000,0.0243713,220.617
302.5000,-0.104065,220.574
302.4000,-0.134971,220.537
302.3000,-0.112769,220.47
302.2000,-0.114335,220.403
302.1000,-0.153592,220.348
302.0000,-0.188664,220.311
301.9000,-0.0987061,220.251
301.8000,-0.0429616,220.207
301.7000,-0.0233795,220.18
301.6000,0.0388458,220.121
301.5000,0.102199,220.089
301.4000,0.12493,220.059
301.3000,0.189244,220.009
301.2000,0.182237,219.964
301.1000,0.193857,219.927
301.0000,0.0955861,219.904
300.9000,0.0760752,219.849
300.8000,0.0895538,219.799
300.7000,0.0639699,219.762
300.6000,0.034257,219.709
300.5000,0.0128977,219.67
300.4000,0.00874939,219.643
300.3000,-0.0294617,219.589
300.2000,0.0220713,219.537
300.1000,0.0525726,219.502
300.0000,0.0170471,219.458
299.9000,-0.00352173,219.421
299.8000,-0.0836334,219.387
299.7000,-0.14979,219.34
299.6000,-0.20974,219.292
299.5000,-0.172618,219.256
299.4000,-0.174712,219.232
299.3000,-0.165828,219.188
299.2000,-0.185454,219.158
299.1000,-0.191027,219.137
299.0000,-0.190634,219.09
298.9000,-0.1939,219.061
298.8000,-0.198469,219.042
298.7000,-0.181233,219.003
298.6000,-0.178768,218.965
298.5000,-0.250999,218.933
298.4000,-0.321764,223.279
298.3000,-0.37695,229.243
298.2000,-0.332665,230.563
298.1000,-0.283118,230.842
298.0000,-0.206996,230.886
297.9000,-0.156696,230.881
297.8000,-0.190673,230.846
297.7000,-0.167383,230.815
297.6000,-0.0868795,230.629
297.5000,0.00730591,221.469
297.4000,-0.0150431,219.236
297.3000,-0.0555379,218.699
297.2000,-0.0644287,218.535
297.1000,-0.077533,218.469
297.0000,-0.0425985,218.433
296.9000,-0.0321767,218.392
296.8000,-0.0728882,218.357
296.7000,-0.0645905,218.332
296.6000,-0.0527212,218.316
296.5000,-0.0268972,218.287
296.4000,-0.0283997,218.266
296.3000,-0.0599365,218.251
296.2000,-0.0515564,218.224
296.1000,-0.0720011,218.202
296.0000,-0.0833384,218.184
295.9000,-0.038857,218.158
295.8000,-0.0695923,218.119
295.7000,-0.0695262,218.095
295.6000,-0.0923716,218.071
295.5000,-0.156346,218.031
295.4000,-0.205606,217.989
295.3000,-0.240042,217.967
295.2000,-0.20866,217.933
295.1000,-0.22943,217.894
295.0000,-0.250407,217.874
294.9000,-0.280261,217.84
294.8000,-0.354231,217.8
294.7000,-0.313464,217.78
294.6000,-0.277843,217.761
294.5000,-0.199685,217.733
294.4000,-0.209381,217.712
294.3000,-0.204995,217.694
294.2000,-0.147918,217.666
294.1000,-0.0755361,217.649
294.0000,0.041449,217.637
293.9000,0.0748647,217.61
293.8000,0.0849152,217.593
293.7000,0.0611257,217.579
293.6000,-0.022998,217.548
293.5000,-0.0683004,217.513
293.4000,-0.14626,217.494
293.3000,-0.178166,217.468
293.2000,-0.146796,217.438
293.1000,-0.100587,217.426
293.0000,-0.0763468,217.4
292.9000,-0.0818105,217.369
292.8000,-0.0711761,217.355
292.7000,0.000391642,217.346
292.6000,0.0155151,217.323
292.5000,0.124556,217.292
292.4000,0.0756775,217.273
292.3000,0.013559,217.24
292.2000,-0.0236938,217.21
292.1000,-0.104505,217.196
292.0000,-0.208117,217.169
291.9000,-0.299018,217.136
291.8000,-0.32166,217.106
291.7000,-0.33575,217.096
291.6000,-0.355191,217.073
291.5000,-0.375334,217.046
291.4000,-0.367791,217.034
291.3000,-0.251151,217.005
291.2000,-0.134693,216.968
291.1000,0.0167877,216.931
291.0000,0.115358,216.905
290.9000,0.101409,216.861
290.8000,0.105511,216.804
290.7000,0.0609039,216.741
290.6000,0.0882202,216.673
290.5000,0.106436,216.591
290.4000,0.155285,216.508
290.3000,0.176123,216.438
290.2000,0.143624,216.351
290.1000,0.0969045,216.261
290.0000,0.0841787,216.182
289.9000,0.113248,216.129
289.8000,0.172824,216.086
289.7000,0.195276,216.058
289.6000,0.212164,216.054
289.5000,0.163479,216.071
289.4000,0.16897,216.101
289.3000,0.200884,216.151
289.2000,0.198193,216.215
289.1000,0.230109,216.288
289.0000,0.238666,216.355
288.9000,0.223606,216.418
288.8000,0.167744,216.473
288.7000,0.173939,216.523
288.6000,0.155819,216.557
288.5000,0.164247,216.585
288.4000,0.230613,216.601
288.3000,0.285973,216.611
288.2000,0.252156,216.612
288.1000,0.166898,216.605
288.0000,0.164359,216.591
287.9000,0.216003,216.567
287.8000,0.301694,216.554
287.7000,0.407085,216.539
287.6000,0.38374,216.523
287.5000,0.284342,216.499
287.4000,0.246173,216.485
287.3000,0.333742,216.473
287.2000,0.334064,216.466
287.1000,0.309374,216.457
287.0000,0.253318,216.436
286.9000,0.140537,216.423
286.8000,0.102747,216.413
286.7000,0.0987966,216.406
286.6000,0.147557,216.387
286.5000,0.188536,216.38
286.4000,0.240695,216.377
286.3000,0.279418,216.374
286.2000,0.216519,216.374
286.1000,0.162013,216.364
286.0000,0.207337,216.363
285.9000,0.195468,216.358
285.8000,0.220384,216.354
285.7000,0.145333,216.345
285.6000,0.0429087,216.326
285.5000,-0.0144633,216.323
285.4000,-0.0159098,216.325
285.3000,0.0639079,216.326
285.2000,0.0321299,216.319
285.1000,0.0174795,216.309
285.0000,0.0437113,216.315
284.9000,0.0875163,216.318
284.8000,0.172097,216.32
284.7000,0.180197,216.317
284.6000,0.152268,216.303
284.5000,0.0634827,216.305
284.4000,0.0824982,216.312
284.3000,0.106159,216.318
284.2000,0.143977,216.319
284.1000,0.154802,216.311
284.0000,0.180915,216.306
283.9000,0.200884,216.312
283.8000,0.252475,216.321
283.7000,0.33504,216.325
283.6000,0.373322,216.317
283.5000,0.383962,216.314
283.4000,0.412245,216.306
283.3000,0.415656,216.313
283.2000,0.405522,216.33
283.1000,0.431895,216.333
283.0000,0.477448,216.331
282.9000,0.530359,216.327
282.8000,0.579614,216.33
282.7000,0.588016,216.346
282.6000,0.528419,216.359
282.5000,0.492584,216.365
282.4000,0.461216,216.361
282.3000,0.367339,216.36
282.2000,0.303121,216.358
282.1000,0.235051,216.371
282.0000,0.0912028,216.378
281.9000,0.0488607,216.38
281.8000,0.0477895,216.382
281.7000,0.0261719,216.381
281.6000,0.0295044,216.383
281.5000,0.0653697,216.384
281.4000,0.101473,216.399
281.3000,0.101617,216.408
281.2000,0.172588,216.41
281.1000,0.215233,216.406
281.0000,0.158231,216.4
280.9000,0.227609,216.398
280.8000,0.267566,216.395
280.7000,0.265613,216.392
280.6000,0.217937,216.392
280.5000,0.231465,216.382
280.4000,0.270512,216.375
280.3000,0.246696,216.37
280.2000,0.315286,216.364
280.1000,0.302182,216.358
280.0000,0.286795,216.352
279.9000,0.271339,216.345
279.8000,0.335139,216.331
279.7000,0.417156,216.328
279.6000,0.41302,216.325
279.5000,0.380453,216.324
279.4000,0.31639,216.323
279.3000,0.294847,216.321
279.2000,0.292966,216.321
279.1000,0.291444,216.324
279.0000,0.263287,216.329
278.9000,0.262727,216.327
278.8000,0.258631,216.338
278.7000,0.299175,216.344
278.6000,0.37897,216.353
278.5000,0.377585,216.361
278.4000,0.383123,216.366
278.3000,0.331695,216.372
278.2000,0.252019,216.377
278.1000,0.236577,216.382
278.0000,0.191461,216.378
277.9000,0.131548,216.373
277.8000,0.0455536,216.368
277.7000,0.0618988,216.364
277.6000,0.120178,216.377
277.5000,0.1117,216.388
277.4000,0.168659,216.401
277.3000,0.170427,216.413
277.2000,0.164663,216.423
277.1000,0.207815,216.434
277.0000,0.197576,216.441
276.9000,0.177587,216.452
276.8000,0.131357,216.455
276.7000,0.176385,216.457
276.6000,0.218676,216.459
276.5000,0.223366,216.46
276.4000,0.201142,216.463
276.3000,0.227893,216.466
276.2000,0.206012,216.471
276.1000,0.224072,216.479
276.0000,0.185158,216.498
275.9000,0.169007,216.519
275.8000,0.214883,216.536
275.7000,0.226231,216.551
275.6000,0.232509,216.567
275.5000,0.183102,216.581
275.4000,0.179318,216.597
275.3000,0.271986,216.616
275.2000,0.314331,216.626
275.1000,0.338829,216.627
275.0000,0.241503,216.624
274.9000,0.200985,216.627
274.8000,0.192487,216.63
274.7000,0.254449,216.633
274.6000,0.3198,216.636
274.5000,0.312363,216.641
274.4000,0.24342,216.643
274.3000,0.170399,229.367
274.2000,0.0987264,242.314
274.1000,0.0447154,255.221
274.0000,-0.0454091,268.122
273.9000,-0.18035,281.027
273.8000,-0.311173,293.937
273.7000,-0.313809,306.847
273.6000,-0.276973,319.756
273.5000,-0.24554,324.377
273.4000,-0.212214,324.209
273.3000,-0.185708,324.223
273.2000,-0.093988,324.239
273.1000,0.00595398,324.255
273.0000,-0.0140289,324.265
272.9000,-0.146174,324.275
272.8000,-0.19391,324.286
272.7000,-0.21587,324.303
272.6000,-0.192411,324.322
272.5000,-0.12288,324.342
272.4000,-0.0932607,324.361
272.3000,-0.13332,324.381
272.2000,-0.120935,324.403
272.1000,-0.0470489,324.426
272.0000,-0.0078359,324.454
271.9000,0.0159536,324.478
271.8000,-0.0559052,324.499
271.7000,-0.122434,324.522
271.6000,-0.285809,324.54
271.5000,-0.362085,324.561
271.4000,-0.375954,324.579
271.3000,-0.379708,324.599
271.2000,-0.43676,324.616
271.1000,-0.524877,324.627
271.0000,-0.504268,324.634
270.9000,-0.472291,324.626
270.8000,-0.436758,324.616
270.7000,-0.395854,324.612
270.6000,-0.405768,324.605
270.5000,-0.413693,324.596
270.4000,-0.443014,324.588
270.3000,-0.350912,324.582
270.2000,-0.317933,324.585
270.1000,-0.329986,324.602
270.0000,-0.276725,324.625
269.9000,-0.25284,324.643
269.8000,-0.22909,324.656
269.7000,-0.206711,324.671
269.6000,-0.151365,324.685
269.5000,-0.145476,324.698
269.4000,-0.10306,324.7
269.3000,-0.050769,324.703
269.2000,-0.135291,324.703
269.1000,-0.0993154,324.711
269.0000,0.00438334,324.724
268.9000,0.00549622,324.745
268.8000,-0.00620931,324.762
268.7000,-0.00964559,324.789
268.6000,-0.0719533,324.823
268.5000,-0.156094,324.866
268.4000,-0.131647,324.91
268.3000,-0.129128,324.943
268.2000,-0.144104,324.981
268.1000,-0.128411,325.015
268.0000,-0.0433258,325.053
267.9000,-0.065801,325.087
267.8000,-0.0889069,325.123
267.7000,-0.0677806,325.167
267.6000,-0.110338,325.208
267.5000,-0.182554,325.257
267.4000,-0.21703,325.295
267.3000,-0.219043,325.338
267.2000,-0.246111,325.384
267.1000,-0.286724,325.435
267.0000,-0.166837,325.488
266.9000,-0.0992055,325.536
266.8000,-0.0683858,325.585
266.7000,-0.0132599,325.612
266.6000,-0.025116,325.647
266.5000,-0.0117289,325.691
266.4000,-0.0420166,325.734
266.3000,-0.0132294,325.779
266.2000,-0.0431152,325.818
266.1000,-0.0591054,325.857
266.0000,-0.0476267,325.874
265.9000,-0.0876394,325.912
265.8000,0.0341359,325.969
265.7000,0.0755727,326.028
265.6000,0.0648946,326.092
265.5000,0.0184296,326.151
265.4000,0.049586,326.201
265.3000,0.0646901,326.249
265.2000,0.0260396,326.314
265.1000,0.0551666,326.387
265.0000,0.0480804,326.444
264.9000,-0.0211344,326.502
264.8000,-0.00683594,326.536
264.7000,0.0435455,326.576
264.6000,-0.00645243,326.629
264.5000,-0.0765747,326.687
264.4000,-0.135364,326.75
264.3000,-0.160529,326.794
264.2000,-0.19264,326.846
264.1000,-0.196599,326.913
264.0000,-0.222796,326.986
263.9000,-0.265282,327.061
263.8000,-0.276212,327.116
263.7000,-0.311774,327.173
263.6000,-0.351062,327.234
263.5000,-0.334764,327.303
263.4000,-0.273559,327.389
263.3000,-0.24203,327.448
263.2000,-0.172186,327.506
263.1000,-0.0937927,327.576
263.0000,0.0761007,327.653
262.9000,0.125534,327.721
262.8000,0.225768,327.79
262.7000,0.269432,327.862
262.6000,0.272833,327.936
262.5000,0.247262,328.015
262.4000,0.173051,328.086
262.3000,0.127293,328.156
262.2000,0.111405,328.223
262.1000,0.064861,328.306
262.0000,0.0365835,328.38
261.9000,0.0853811,328.451
261.8000,0.118516,328.523
261.7000,0.102515,328.583
261.6000,0.0937897,328.651
261.5000,0.0396535,328.722
261.4000,-0.0611165,328.784
261.3000,-0.0961334,328.834
261.2000,-0.0538584,328.904
261.1000,-0.0310048,328.982
261.0000,-0.0743093,329.056
260.9000,-0.125142,329.111
260.8000,-0.125283,329.171
260.7000,-0.0925659,329.236
260.6000,-0.0557505,329.305
260.5000,-0.0120707,329.386
260.4000,0.00150248,329.472
260.3000,-0.0806753,329.548
260.2000,-0.099172,329.61
260.1000,-0.0273763,329.691
260.0000,-0.0393656,329.784
259.9000,-0.0509705,329.866
259.8000,-0.00380147,329.949
259.7000,0.0575979,330.028
259.6000,0.0714467,330.092
259.5000,0.0768748,330.151
259.4000,0.118106,330.222
259.3000,0.166076,330.287
259.2000,0.211749,330.359
259.1000,0.31065,330.441
259.0000,0.387971,330.512
258.9000,0.313009,330.587
258.8000,0.260475,330.671
258.7000,0.3465,330.752
258.6000,0.364605,330.839
258.5000,0.268771,330.932
258.4000,0.149267,331.013
258.3000,0.132533,331.089
258.2000,0.0956655,331.174
258.1000,0.0792216,331.254
258.0000,0.0761729,331.339
257.9000,0.0658885,331.432
257.8000,0.064212,331.51
257.7000,0.131118,331.581
257.6000,0.213219,331.66
257.5000,0.212331,331.732
257.4000,0.132422,331.807
257.3000,0.0533844,331.875
257.2000,0.0438131,331.945
257.1000,0.0260356,332.014
257.0000,0.042986,332.089
256.9000,-0.0282623,332.169
256.8000,-0.0483205,332.24
256.7000,-0.0118134,332.318
256.6000,-0.0306305,332.401
256.5000,0.0173909,332.477
256.4000,0.0458547,332.556
256.3000,0.113594,332.634
256.2000,0.156139,332.721
256.1000,0.242309,332.811
256.0000,0.240403,332.884
255.9000,0.203067,332.958
255.8000,0.207618,333.018
255.7000,0.299117,333.092
255.6000,0.330523,333.175
255.5000,0.338836,333.256
255.4000,0.278252,333.33
255.3000,0.150773,333.387
255.2000,0.058609,333.458
255.1000,0.0511169,333.528
255.0000,0.0477193,333.604
254.9000,0.0655589,333.669
254.8000,0.0273692,333.735
254.7000,-0.057487,333.805
254.6000,-0.10988,333.872
254.5000,-0.127201,333.952
254.4000,-0.117762,334.03
254.3000,-0.0796692,334.117
254.2000,-0.0911977,334.204
254.1000,-0.128532,334.297
254.0000,-0.145006,334.388
253.9000,-0.19084,334.476
253.8000,-0.271896,334.552
253.7000,-0.288692,334.635
253.6000,-0.219765,334.712
253.5000,-0.220048,334.792
253.4000,-0.0721527,334.87
253.3000,0.0135213,334.952
253.2000,0.0537445,335.032
253.1000,0.0767375,335.108
253.0000,0.151945,335.2
252.9000,0.15627,335.292
252.8000,0.164082,335.372
252.7000,0.234156,335.454
252.6000,0.200726,335.529
252.5000,0.0535614,335.604
252.4000,-0.0372111,335.678
252.3000,-0.081367,335.757
252.2000,-0.149295,335.816
252.1000,-0.128527,335.875
252.0000,-0.116589,335.938
251.9000,-0.192115,335.999
251.8000,-0.246,336.073
251.7000,-0.197036,336.143
251.6000,-0.160903,336.221
251.5000,-0.103176,336.291
251.4000,-0.0529104,336.378
251.3000,0.0519409,336.465
251.2000,0.103516,336.538
251.1000,0.107019,336.621
251.0000,0.0504862,336.699
250.9000,-0.0451131,336.787
250.8000,-0.149056,336.863
250.7000,-0.213718,336.945
250.6000,-0.235569,337.014
250.5000,-0.313193,337.073
250.4000,-0.405667,337.15
250.3000,-0.478407,337.228
250.2000,-0.509638,337.317
250.1000,-0.423432,337.398
250.0000,-0.366635,337.478
249.9000,-0.387463,337.563
249.8000,-0.393968,337.645
249.7000,-0.260612,337.745
249.6000,-0.131488,337.837
249.5000,-0.0781403,337.925
249.4000,0.0754822,338.016
249.3000,0.105539,338.096
249.2000,0.0614166,338.176
249.1000,0.0916158,338.265
249.0000,0.161212,338.352
248.9000,0.111934,338.432
248.8000,0.10742,338.53
248.7000,0.134696,338.623
248.6000,0.110008,338.696
248.5000,0.135153,338.771
248.4000,0.19921,338.852
248.3000,0.233413,338.922
248.2000,0.283431,338.996
248.1000,0.306954,339.069
248.0000,0.222604,339.125
247.9000,0.120162,339.187
247.8000,0.0485952,339.255
247.7000,-0.0650665,339.32
247.6000,-0.113115,339.391
247.5000,-0.0824209,339.458
247.4000,-0.0485647,339.518
247.3000,-0.145561,339.578
247.2000,-0.227981,339.657
247.1000,-0.242763,339.728
247.0000,-0.236793,339.798
246.9000,-0.171494,339.884
246.8000,-0.158206,339.962
246.7000,-0.21234,340.035
246.6000,-0.345274,340.107
246.5000,-0.403666,340.189
246.4000,-0.307373,340.269
246.3000,-0.188084,340.346
246.2000,-0.0938253,340.421
246.1000,0.00034078,340.506
246.0000,-0.0300618,340.597
245.9000,-0.0130493,340.695
245.8000,-0.0070282,340.795
245.7000,0.0605794,340.902
245.6000,0.0394806,340.999
245.5000,-0.0626638,341.09
245.4000,-0.182125,341.192
245.3000,-0.403041,341.282
245.2000,-0.448584,341.372
245.1000,-0.533348,341.463
245.0000,-0.560125,341.554
244.9000,-0.532316,341.638
244.8000,-0.537579,341.723
244.7000,-0.55214,341.818
244.6000,-0.569295,341.913
244.5000,-0.481909,342.009
244.4000,-0.412993,342.101
244.3000,-0.328727,342.186
244.2000,-0.210672,342.271
244.1000,-0.217509,342.369
244.0000,-0.179383,342.472
243.9000,-0.152893,342.572
243.8000,-0.102186,342.664
243.7000,-0.0217204,342.755
243.6000,-0.0813314,342.842
243.5000,-0.190658,342.931
243.4000,-0.242481,343.033
243.3000,-0.233595,343.135
243.2000,-0.206441,343.227
243.1000,-0.175652,343.315
243.0000,-0.118529,343.406
242.9000,-0.127841,343.502
242.8000,-0.163818,343.602
242.7000,-0.0552979,343.712
242.6000,0.0276591,343.819
242.5000,-0.00778809,343.913
242.4000,-0.0220927,344.013
242.3000,-0.0367747,344.117
242.2000,-0.11832,344.225
242.1000,-0.170697,344.337
242.0000,-0.199879,344.447
241.9000,-0.220775,344.553
241.8000,-0.261873,344.659
241.7000,-0.2733,344.767
241.6000,-0.247569,344.872
241.5000,-0.31533,344.976
241.4000,-0.301606,345.089
241.3000,-0.297673,345.198
241.2000,-0.371875,345.298
241.1000,-0.445557,345.406
241.0000,-0.599819,345.521
240.9000,-0.735569,345.636
240.8000,-0.79491,345.758
240.7000,-0.862372,345.889
240.6000,-0.978843,346.01
240.5000,-1.1039,346.125
240.4000,-1.03143,346.252
240.3000,-0.946034,346.38
240.2000,-0.830903,346.507
240.1000,-0.66862,346.636
240.0000,-0.687109,346.764
239.9000,-0.639817,346.887
239.8000,-0.653397,347.015
239.7000,-0.577098,347.155
239.6000,-0.602628,347.291
239.5000,-0.687085,347.433
239.4000,-0.640933,347.571
239.3000,-0.677851,347.707
239.2000,-0.620026,347.846
239.1000,-0.562407,347.994
239.0000,-0.47536,348.148
238.9000,-0.395119,348.301
238.8000,-0.284863,348.454
238.7000,-0.276436,348.601
238.6000,-0.37751,348.74
238.5000,-0.337505,348.886
238.4000,-0.304063,349.035
238.3000,-0.302366,349.187
238.2000,-0.412173,349.332
238.1000,-0.46917,349.473
238.0000,-0.525649,349.62
237.9000,-0.536744,349.771
237.8000,-0.406124,349.93
237.7000,-0.501562,350.09
237.6000,-0.651868,350.248
237.5000,-0.777876,350.404
237.4000,-0.835851,350.558
237.3000,-0.912341,350.714
237.2000,-1.02378,350.878
237.1000,-1.04783,351.037
237.0000,-1.12456,351.195
236.9000,-1.20627,351.352
236.8000,-1.19768,351.51
236.7000,-1.19461,351.67
236.6000,-1.18928,351.826
236.5000,-1.13912,351.99
236.4000,-1.06692,352.147
236.3000,-1.07323,352.311
236.2000,-1.15794,352.48
236.1000,-1.18409,352.646
236.0000,-1.22311,352.812
235.9000,-1.22745,352.984
235.8000,-1.24418,353.165
235.7000,-1.27386,353.345
235.6000,-1.19769,353.524
235.5000,-1.07525,353.706
235.4000,-1.02686,353.889
235.3000,-0.996113,354.073
235.2000,-0.802447,354.264
235.1000,-0.709911,354.455
235.0000,-0.671863,354.643
234.9000,-0.623693,354.827
234.8000,-0.720765,355.013
234.7000,-0.852089,355.202
234.6000,-0.859273,355.385
234.5000,-0.894945,355.57
234.4000,-0.923967,355.758
234.3000,-0.905533,355.942
234.2000,-0.847398,356.128
234.1000,-0.86498,356.32
234.0000,-0.77456,356.511
233.9000,-0.773621,356.703
233.8000,-0.825952,356.9
233.7000,-0.839059,357.099
233.6000,-0.90434,357.304
233.5000,-1.15286,357.513
233.4000,-1.30768,357.716
233.3000,-1.33871,357.922
233.2000,-1.45087,358.129
233.1000,-1.50378,358.332
233.0000,-1.41873,358.543
232.9000,-1.31149,358.752
232.8000,-1.23063,358.962
232.7000,-1.12892,359.167
232.6000,-1.04998,359.373
232.5000,-1.02766,359.583
232.4000,-1.03373,359.792
232.3000,-1.01503,360.005
232.2000,-0.983761,360.213
232.1000,-1.04568,360.426
232.0000,-1.15322,360.633
231.9000,-1.3046,360.838
231.8000,-1.34522,361.043
231.7000,-1.27909,361.254
231.6000,-1.11282,361.469
231.5000,-1.1955,361.676
231.4000,-1.36958,361.882
231.3000,-1.49158,362.085
231.2000,-1.47597,362.297
231.1000,-1.46735,362.509
231.0000,-1.47382,362.723
230.9000,-1.70641,362.934
230.8000,-2.04535,363.135
230.7000,-2.23978,363.343
230.6000,-2.32779,363.559
230.5000,-2.43094,363.781
230.4000,-2.51225,363.997
230.3000,-2.61108,364.218
230.2000,-2.67265,364.442
230.1000,-2.67152,364.673
230.0000,-2.69845,364.907
229.9000,-2.69242,365.135
229.8000,-2.65412,365.366
229.7000,-2.61417,365.591
229.6000,-2.63397,365.813
229.5000,-2.63415,366.024
229.4000,-2.43588,366.234
229.3000,-2.39529,366.439
229.2000,-2.2658,366.641
229.1000,-2.11362,366.84
229.0000,-2.00791,367.04
228.9000,-1.99026,367.239
228.8000,-2.00476,367.44
228.7000,-2.19011,367.657
228.6000,-2.49415,367.878
228.5000,-2.78446,368.103
228.4000,-2.82162,368.343
228.3000,-2.95574,368.589
228.2000,-3.0672,368.843
228.1000,-3.14403,369.102
228.0000,-3.02239,369.364
227.9000,-2.87886,369.624
227.8000,-2.68586,369.875
227.7000,-2.54914,370.133
227.6000,-2.45205,370.386
227.5000,-2.50651,370.631
227.4000,-2.5031,370.873
227.3000,-2.39719,371.118
227.2000,-2.52584,371.354
227.1000,-2.59105,371.589
227.0000,-2.77935,371.824
226.9000,-2.88829,372.053
226.8000,-2.97287,372.282
226.7000,-2.95585,372.517
226.6000,-3.07376,372.748
226.5000,-3.16683,372.975
226.4000,-3.1658,373.2
226.3000,-3.16106,373.427
226.2000,-3.20168,373.658
226.1000,-3.13975,373.891
226.0000,-3.11188,374.122
225.9000,-3.17307,374.347
225.8000,-3.10191,374.573
225.7000,-3.13505,374.797
225.6000,-3.10475,375.028
225.5000,-3.12553,375.257
225.4000,-3.01415,375.485
225.3000,-2.88116,375.719
225.2000,-2.88495,375.952
225.1000,-2.90617,376.187
225.0000,-2.8645,376.422
224.9000,-2.60307,376.658
224.8000,-2.4512,376.89
224.7000,-2.41979,377.116
224.6000,-2.43733,377.346
224.5000,-2.44982,377.574
224.4000,-2.39838,377.8
224.3000,-2.34579,378.026
224.2000,-2.38419,378.249
224.1000,-2.58458,378.472
224.0000,-2.79198,378.696
223.9000,-2.93242,378.925
223.8000,-2.84647,379.157
223.7000,-2.96761,379.388
223.6000,-3.13403,379.619
223.5000,-3.25066,379.852
223.4000,-3.33568,380.086
223.3000,-3.35532,380.317
223.2000,-3.32682,380.549
223.1000,-3.3041,380.783
223.0000,-3.46784,381.012
222.9000,-3.68142,381.239
222.8000,-3.78976,381.469
222.7000,-3.8585,381.7
222.6000,-3.82704,381.933
222.5000,-3.86396,382.171
222.4000,-4.01075,382.405
222.3000,-4.05139,382.641
222.2000,-4.03795,382.877
222.1000,-3.9589,383.117
222.0000,-3.80922,383.358
221.9000,-3.63858,383.59
221.8000,-3.60762,383.821
221.7000,-3.58437,384.055
221.6000,-3.34285,384.292
221.5000,-3.2104,384.532
221.4000,-3.10911,384.766
221.3000,-3.06705,384.999
221.2000,-3.11056,385.229
221.1000,-3.15108,385.46
221.0000,-3.12314,385.691
220.9000,-3.00906,385.924
220.8000,-2.91842,386.159
220.7000,-2.9259,386.387
220.6000,-2.95414,386.62
220.5000,-2.90378,386.857
220.4000,-2.88914,387.083
220.3000,-2.92761,387.313
220.2000,-2.84094,387.553
220.1000,-2.80744,387.791
220.0000,-3.01788,388.022
219.9000,-3.2706,388.26
219.8000,-3.42871,388.497
219.7000,-3.575,388.732
219.6000,-3.62979,388.971
219.5000,-3.57091,389.219
219.4000,-3.66419,389.461
219.3000,-3.81084,389.701
219.2000,-3.81017,389.946
219.1000,-3.69992,390.192
219.0000,-3.79636,390.437
218.9000,-3.70828,390.681
218.8000,-3.48811,390.937
218.7000,-3.32114,391.183
218.6000,-3.22106,391.43
218.5000,-3.13965,391.674
218.4000,-3.07997,391.918
218.3000,-3.087,392.157
218.2000,-2.9547,392.401
218.1000,-2.82002,392.649
218.0000,-2.93662,392.888
217.9000,-3.07376,393.131
217.8000,-3.10796,393.373
217.7000,-3.16331,393.616
217.6000,-3.05657,393.86
217.5000,-3.10065,394.107
217.4000,-3.1403,394.349
217.3000,-3.233,394.587
217.2000,-3.33833,394.83
217.1000,-3.24235,395.076
217.0000,-3.32149,395.313
216.9000,-3.42879,395.56
216.8000,-3.68019,395.803
216.7000,-3.8627,396.042
216.6000,-3.86368,396.287
216.5000,-3.70883,396.535
216.4000,-3.63044,396.781
216.3000,-3.61165,397.025
216.2000,-3.5279,397.28
216.1000,-3.59745,397.531
216.0000,-3.48348,397.779
215.9000,-3.51875,398.028
215.8000,-3.46217,398.277
215.7000,-3.51508,398.534
215.6000,-3.70267,398.79
215.5000,-3.83256,399.047
215.4000,-3.78434,399.308
215.3000,-3.47952,399.571
215.2000,-3.24241,399.833
215.1000,-3.21646,400.099
215.0000,-3.20865,400.368
214.9000,-3.22308,400.634
214.8000,-3.099,400.898
214.7000,-2.96045,401.165
214.6000,-3.14266,401.424
214.5000,-3.29887,401.685
214.4000,-3.38464,401.949
214.3000,-3.46624,402.215
214.2000,-3.4742,402.481
214.1000,-3.41501,402.747
214.0000,-3.31838,403.02
213.9000,-3.34403,403.296
213.8000,-3.34238,403.573
213.7000,-3.31615,403.85
213.6000,-3.30344,404.133
213.5000,-3.36627,404.413
213.4000,-3.18718,404.696
213.3000,-3.08813,404.984
213.2000,-3.1871,405.265
213.1000,-3.20298,405.549
213.0000,-2.99079,405.838
212.9000,-2.92223,406.129
212.8000,-3.02518,406.412
212.7000,-3.0228,406.703
212.6000,-3.09662,407
212.5000,-3.03832,407.296
212.4000,-2.93523,407.6
212.3000,-3.00005,407.897
212.2000,-3.01902,408.198
212.1000,-3.12877,408.5
212.0000,-3.25172,408.808
211.9000,-3.26503,409.121
211.8000,-3.30464,409.434
211.7000,-3.40993,409.752
211.6000,-3.56558,410.07
211.5000,-3.54552,410.394
211.4000,-3.32024,410.724
211.3000,-3.0683,411.058
211.2000,-2.6782,411.389
211.1000,-2.3584,411.723
211.0000,-2.18628,412.06
210.9000,-2.03068,412.389
210.8000,-1.93894,412.72
210.7000,-1.86775,413.059
210.6000,-1.89497,413.391
210.5000,-2.36563,413.719
210.4000,-2.546,414.053
210.3000,-2.73216,414.398
210.2000,-2.9687,414.735
210.1000,-3.01152,415.085
210.0000,-3.21507,415.428
209.9000,-3.40584,415.77
209.8000,-3.53039,416.118
209.7000,-3.36407,416.476
209.6000,-3.51144,416.832
209.5000,-3.73192,417.186
209.4000,-3.77697,417.541
209.3000,-3.80342,417.898
209.2000,-3.92522,418.26
209.1000,-3.92359,418.626
209.0000,-3.83182,418.994
208.9000,-3.79396,419.366
208.8000,-3.53033,419.737
208.7000,-3.12774,420.11
208.6000,-2.85495,420.492
208.5000,-2.7213,420.877
208.4000,-2.59032,421.261
208.3000,-2.5076,421.648
208.2000,-2.52318,422.038
208.1000,-2.7951,422.423
208.0000,-2.9366,422.814
207.9000,-3.05131,423.208
207.8000,-3.16011,423.608
207.7000,-3.22436,424.004
207.6000,-3.2095,424.402
207.5000,-3.04296,424.8
207.4000,-3.19515,425.191
207.3000,-3.28656,425.581
207.2000,-3.17503,425.976
207.1000,-3.28197,426.367
207.0000,-3.47899,426.758
206.9000,-3.61395,427.148
206.8000,-3.70213,427.54
206.7000,-3.72509,427.937
206.6000,-3.57281,428.346
206.5000,-3.30645,428.758
206.4000,-3.10629,429.171
206.3000,-3.14735,429.578
206.2000,-3.12089,429.979
206.1000,-3.08399,430.379
206.0000,-3.26562,430.777
205.9000,-3.38629,431.183
205.8000,-3.36406,431.586
205.7000,-3.54716,431.993
205.6000,-3.73239,432.401
205.5000,-3.78224,432.818
205.4000,-3.66392,433.239
205.3000,-3.63639,433.67
205.2000,-3.39901,434.11
205.1000,-3.15098,434.552
205.0000,-3.39318,434.982
204.9000,-3.4438,435.414
204.8000,-3.33519,435.848
204.7000,-3.17751,436.29
204.6000,-3.2266,436.73
204.5000,-2.91005,437.18
204.4000,-2.78103,437.622
204.3000,-2.73113,438.071
204.2000,-2.38403,438.531
204.1000,-2.03604,438.992
204.0000,-1.83276,439.456
203.9000,-1.65585,439.921
203.8000,-1.5322,440.391
203.7000,-1.60257,440.865
203.6000,-1.68204,441.348
203.5000,-1.41243,441.832
203.4000,-1.12673,442.32
203.3000,-0.97583,442.815
203.2000,-0.789554,443.319
203.1000,-0.805816,443.822
203.0000,-0.806328,444.337
202.9000,-0.749141,444.851
202.8000,-0.823191,445.362
202.7000,-0.97076,445.881
202.6000,-0.885366,446.403
202.5000,-0.872696,446.932
202.4000,-0.893812,447.463
202.3000,-0.949793,447.999
202.2000,-0.68219,448.542
202.1000,-0.347685,449.084
202.0000,0.0334279,449.635
201.9000,0.435034,450.199
201.8000,0.713032,450.768
201.7000,0.777263,451.339
201.6000,0.814671,451.918
201.5000,1.32436,452.511
201.4000,1.44582,453.103
201.3000,1.35706,453.702
201.2000,1.48419,454.309
201.1000,1.75373,454.922
201.0000,1.6552,455.533
200.9000,1.5417,456.151
200.8000,1.84793,456.78
200.7000,1.97152,457.415
200.6000,1.83517,458.053
200.5000,2.0505,458.714
200.4000,1.82025,459.385
200.3000,1.5092,460.064
200.2000,1.25959,460.755
200.1000,1.40091,461.461
200.0000,1.35753,462.173
199.9000,1.16037,462.89
199.8000,1.44338,463.623
199.7000,1.80186,464.358
199.6000,2.27061,465.102
199.5000,2.88889,465.855
199.4000,3.43292,466.619
199.3000,3.76497,467.386
199.2000,3.82319,468.164
199.1000,3.85998,468.955
199.0000,3.85602,469.765
198.9000,3.75832,470.597
198.8000,3.51547,471.443
198.7000,3.26055,472.312
198.6000,3.05746,473.2
198.5000,3.29125,474.125
198.4000,3.8656,475.076
198.3000,4.22942,476.046
198.2000,4.31985,477.039
198.1000,4.39766,478.061
198.0000,4.60041,479.12
197.9000,5.02512,480.211
197.8000,5.40015,481.34
197.7000,5.23342,482.495
197.6000,4.62473,483.661
197.5000,4.43457,484.86
197.4000,4.7046,486.078
197.3000,5.09215,487.301
197.2000,5.28252,488.513
197.1000,5.4623,489.714
197.0000,5.54041,490.903
196.9000,5.9005,492.09
196.8000,6.56854,493.293
196.7000,6.86526,494.503
196.6000,6.82856,495.737
196.5000,6.81787,497.009
196.4000,6.72606,498.345
196.3000,7.08781,499.766
196.2000,7.40726,501.257
196.1000,6.99248,502.808
196.0000,6.69059,504.434
195.9000,6.71517,506.164
195.8000,7.07659,507.997
195.7000,7.29998,509.951
195.6000,7.56688,512.02
195.5000,7.12007,514.2
195.4000,6.68337,516.504
195.3000,6.9439,518.923
195.2000,7.33238,521.434
195.1000,7.15772,523.991
195.0000,7.1016,526.552
194.9000,6.96062,529.056
194.8000,6.47209,531.449
194.7000,6.63945,533.734
194.6000,6.56372,535.89
194.5000,6.45651,537.955
194.4000,6.58944,539.964
194.3000,6.93288,541.946
194.2000,7.01478,543.948
194.1000,7.09689,546.056
194.0000,7.54332,548.351
193.9000,7.79317,550.863
193.8000,7.5238,553.625
193.7000,7.31869,556.681
193.6000,7.26089,560.044
193.5000,7.09456,563.764
193.4000,7.06759,567.882
193.3000,7.31299,572.41
193.2000,7.43939,577.295
193.1000,7.23305,582.51
193.0000,7.60439,588.016
192.9000,8.90427,593.733
192.8000,9.34555,599.499
192.7000,10.5731,605.189
192.6000,10.7363,610.536
192.5000,10.2191,615.43
192.4000,10.0576,619.881
192.3000,9.83051,623.891
192.2000,9.27489,627.472
192.1000,8.14889,630.701
192.0000,8.35887,633.763
191.9000,8.69414,636.802
191.8000,8.57728,640.068
191.7000,9.49641,643.818
191.6000,9.00889,648.106
191.5000,9.33065,653.021
191.4000,10.3164,658.598
191.3000,10.7276,664.891
191.2000,9.20858,671.886
191.1000,8.39299,679.645
191.0000,7.50901,688.089
190.9000,6.34409,697.093
190.8000,7.40263,706.584
190.7000,9.2987,716.461
190.6000,9.8898,726.488
190.5000,12.4834,736.535
190.4000,17.6978,746.28
190.3000,19.7897,755.34
190.2000,19.0573,763.617
190.1000,18.5936,771.175
190.0000,19.0428,778.077

##### Extended Information
[Comments]
Sample name,ACE2_0.27uM
Comment
User
Division
Company,CSIR-IMTECH

[Detailed Information]
Creation date,2/26/2024 2:33 PM

Data array type,Linear data array * 2
Horizontal axis,Wavelength [nm]
Vertical axis(1),CD [mdeg]
Vertical axis(2),HT [V]
Start,350 nm
End,190 nm
Data interval,0.1 nm
Data points,1601    

[Measurement Information]
Instrument Name,JASCO CD
Model Name,J-815
Serial No.,B063061168

Accessory,PTC-423S
Accessory S/N,C013945-01
  Temperature,36.14 C
  Control Sonsor,Cell
  Monitor Sensor,Cell
  Start Mode,Start immediately
  Cell Length,10 mm

Measurement date,2/26/2024 2:33 PM

Photometric Mode,CD, HT
Measure Range,350 - 190 nm
Data pitch,0.1 nm
Sensitivity,Standard
D.I.T.,1 sec
Bandwidth,1.00 nm
Start Mode,Immediately
Scanning Speed,50 nm/min
Baseline Correction,Baseline
Shutter Control,Manual
CD Detector,PMT
PMT Voltage,Auto
Accumulations,3
Concentration,0.27 umol/L

