TITLE,Seo_0.6uM
DATA TYPE,
ORIGIN,JASCO
OWNER,
DATE,24/04/08
TIME,15:19:13
SPECTROMETER/DATA SYSTEM,
LOCALE,1033
RESOLUTION,
DELTAX,-0.1
XUNITS,NANOMETERS
YUNITS,CD [mdeg]
Y2UNITS,HT [V]
FIRSTX,  350.0000
LASTX,  190.0000
NPOINTS,    1601
FIRSTY,    -1.09818
MAXY,     0.77758
MINY,    -2.14759
XYDATA
350.0000,-1.09818,500.53
349.9000,-0.746879,499.955
349.8000,-0.639295,499.084
349.7000,-0.853922,498.19
349.6000,-1.02188,497.544
349.5000,-0.796232,496.991
349.4000,-0.495357,496.11
349.3000,-0.322877,495.482
349.2000,-0.189259,494.956
349.1000,-0.133069,494.113
349.0000,0.0453301,493.491
348.9000,0.313347,492.949
348.8000,0.514937,492.1
348.7000,0.525399,491.232
348.6000,0.289603,490.608
348.5000,0.179455,490.075
348.4000,0.00577423,489.192
348.3000,-0.108401,488.534
348.2000,-0.551601,487.943
348.1000,-0.485082,487.07
348.0000,-0.204354,486.418
347.9000,0.0101332,485.844
347.8000,0.0200127,484.973
347.7000,0.142697,484.094
347.6000,0.335896,483.469
347.5000,0.45797,482.955
347.4000,0.655372,482.152
347.3000,0.777578,481.558
347.2000,0.292366,481.034
347.1000,-0.204401,480.262
347.0000,-0.296572,479.718
346.9000,-0.494197,479.252
346.8000,-0.807746,478.496
346.7000,-1.32015,477.714
346.6000,-1.65515,477.136
346.5000,-2.04782,476.37
346.4000,-2.14759,475.595
346.3000,-1.90787,474.997
346.2000,-1.58684,474.206
346.1000,-1.44077,473.392
346.0000,-1.30199,472.79
345.9000,-1.17141,472.273
345.8000,-1.09457,471.472
345.7000,-0.879903,470.885
345.6000,-0.556097,470.39
345.5000,-0.535738,469.672
345.4000,-0.461728,469.161
345.3000,-0.475233,468.737
345.2000,-0.365052,468.048
345.1000,-0.293073,467.347
345.0000,-0.096479,466.844
344.9000,0.230742,466.194
344.8000,0.271186,465.51
344.7000,0.226773,464.975
344.6000,0.199565,464.287
344.5000,0.168194,463.575
344.4000,-0.0273363,463.04
344.3000,-0.0915707,462.337
344.2000,-0.131846,461.621
344.1000,-0.364279,461.073
344.0000,-0.509734,460.402
343.9000,-0.44365,459.738
343.8000,-0.567737,459.246
343.7000,-0.621845,458.828
343.6000,-0.5393,458.172
343.5000,-0.426593,457.712
343.4000,-0.308736,457.333
343.3000,-0.173457,456.717
343.2000,0.0448469,456.261
343.1000,-0.0510088,455.849
343.0000,0.0431196,455.244
342.9000,-0.0399726,454.614
342.8000,-0.0923082,454.148
342.7000,-0.129349,453.531
342.6000,-0.115854,452.901
342.5000,-0.0747932,452.435
342.4000,-0.166605,451.828
342.3000,-0.210103,451.213
342.2000,-0.319061,450.734
342.1000,-0.425707,450.139
342.0000,-0.390727,449.552
341.9000,-0.448154,449.136
341.8000,-0.4918,448.579
341.7000,-0.640563,448.016
341.6000,-0.771668,447.611
341.5000,-0.84973,447.11
341.4000,-0.782258,446.604
341.3000,-0.565726,446.23
341.2000,-0.622463,445.664
341.1000,-0.58845,445.081
341.0000,-0.800389,444.637
340.9000,-0.876686,444.056
340.8000,-0.776129,443.464
340.7000,-0.676385,442.994
340.6000,-0.70855,442.404
340.5000,-1.16107,441.795
340.4000,-1.38786,441.361
340.3000,-1.23798,440.823
340.2000,-1.15146,440.283
340.1000,-1.04082,439.899
340.0000,-1.20976,439.422
339.9000,-1.24976,438.952
339.8000,-1.32945,438.603
339.7000,-1.12662,438.167
339.6000,-0.82271,437.726
339.5000,-0.821142,437.413
339.4000,-0.715177,436.968
339.3000,-0.689943,436.494
339.2000,-0.463115,435.955
339.1000,-0.298049,435.456
339.0000,-0.243426,434.94
338.9000,-0.337041,434.362
338.8000,-0.557631,433.821
338.7000,-0.680803,433.28
338.6000,-0.785254,432.698
338.5000,-0.736107,432.192
338.4000,-0.76104,431.829
338.3000,-0.788597,431.388
338.2000,-0.778185,430.951
338.1000,-0.531968,430.643
338.0000,-0.177923,430.221
337.9000,0.090428,429.791
337.8000,0.194449,429.494
337.7000,0.131638,429.098
337.6000,-0.120208,428.675
337.5000,-0.300922,428.345
337.4000,-0.336193,427.923
337.3000,-0.287834,427.482
337.2000,-0.332864,426.992
337.1000,-0.314369,426.558
337.0000,-0.316479,426.119
336.9000,-0.29496,425.639
336.8000,-0.171849,425.222
336.7000,-0.0626553,424.805
336.6000,-0.0322781,424.353
336.5000,-0.0653195,423.952
336.4000,-0.243185,423.673
336.3000,-0.376697,423.281
336.2000,-0.39968,422.881
336.1000,-0.478724,422.586
336.0000,-0.58528,422.199
335.9000,-0.510693,421.795
335.8000,-0.451673,421.34
335.7000,-0.370988,420.923
335.6000,-0.273757,420.499
335.5000,-0.191472,420.063
335.4000,-0.108329,419.683
335.3000,-0.0135322,419.304
335.2000,0.160925,418.901
335.1000,0.18608,418.553
335.0000,0.1543,418.319
334.9000,0.0803999,417.994
334.8000,0.066317,417.665
334.7000,0.0232059,417.281
334.6000,-0.130049,416.941
334.5000,-0.225192,416.587
334.4000,-0.252534,416.191
334.3000,-0.248919,415.822
334.2000,-0.122745,415.44
334.1000,0.0566297,415.013
334.0000,0.101748,414.624
333.9000,0.047624,414.339
333.8000,0.221,413.993
333.7000,0.190536,413.634
333.6000,0.0552768,413.238
333.5000,-0.0613553,412.9
333.4000,-0.302228,412.561
333.3000,-0.588045,412.205
333.2000,-0.806443,411.902
333.1000,-0.902913,411.594
333.0000,-1.02863,411.271
332.9000,-1.11846,410.979
332.8000,-1.06305,410.633
332.7000,-1.0557,410.317
332.6000,-0.972784,409.992
332.5000,-0.782676,409.645
332.4000,-0.631514,409.339
332.3000,-0.507467,409.029
332.2000,-0.377341,408.667
332.1000,-0.227514,408.331
332.0000,-0.142985,407.995
331.9000,-0.120453,407.718
331.8000,-0.0944536,407.441
331.7000,-0.124509,407.124
331.6000,-0.263366,406.829
331.5000,-0.376278,406.411
331.4000,-0.427422,406.078
331.3000,-0.552517,405.78
331.2000,-0.641982,405.442
331.1000,-0.621737,405.136
331.0000,-0.608364,404.821
330.9000,-0.751956,404.499
330.8000,-0.810185,404.22
330.7000,-0.781933,403.888
330.6000,-0.764192,403.597
330.5000,-0.76902,403.309
330.4000,-0.699538,403.037
330.3000,-0.735757,402.807
330.2000,-0.700909,402.429
330.1000,-0.528762,402.116
330.0000,-0.418434,401.824
329.9000,-0.47057,401.537
329.8000,-0.482769,401.296
329.7000,-0.436642,400.926
329.6000,-0.379057,400.605
329.5000,-0.238383,400.303
329.4000,-0.310348,400.01
329.3000,-0.394831,399.767
329.2000,-0.401535,399.398
329.1000,-0.332405,399.095
329.0000,-0.216209,398.826
328.9000,-0.147988,398.576
328.8000,-0.111142,398.374
328.7000,-0.144073,398.033
328.6000,-0.0804105,397.752
328.5000,-0.00622731,397.498
328.4000,-0.010339,397.265
328.3000,-0.0821449,397.072
328.2000,-0.1539,396.736
328.1000,-0.20973,396.442
328.0000,-0.22143,396.168
327.9000,-0.315438,395.924
327.8000,-0.4656,395.733
327.7000,-0.45642,395.444
327.6000,-0.414624,395.205
327.5000,-0.319659,394.987
327.4000,-0.272149,394.734
327.3000,-0.356604,394.529
327.2000,-0.481163,394.222
327.1000,-0.47525,393.964
327.0000,-0.295446,393.722
326.9000,-0.279983,393.453
326.8000,-0.274824,393.213
326.7000,-0.351799,392.879
326.6000,-0.296472,392.633
326.5000,-0.159879,392.425
326.4000,-0.101802,392.184
326.3000,-0.0634824,391.973
326.2000,-0.0967587,391.68
326.1000,-0.1351,391.448
326.0000,-0.0856035,391.16
325.9000,-0.03103,390.94
325.8000,-0.0943631,390.75
325.7000,-0.257431,390.516
325.6000,-0.299682,390.356
325.5000,-0.212583,390.051
325.4000,-0.101855,389.796
325.3000,0.0208479,389.565
325.2000,0.0181216,389.343
325.1000,-0.0216621,389.136
325.0000,-0.065112,388.806
324.9000,-0.0671343,388.504
324.8000,-0.0209653,388.176
324.7000,-0.000435079,387.975
324.6000,-0.107446,387.837
324.5000,-0.241699,387.556
324.4000,-0.332548,387.312
324.3000,-0.407328,387.083
324.2000,-0.468109,386.936
324.1000,-0.577364,386.679
324.0000,-0.568932,386.449
323.9000,-0.63043,386.225
323.8000,-0.735564,386.002
323.7000,-0.737282,385.876
323.6000,-0.691099,385.59
323.5000,-0.662514,385.299
323.4000,-0.567047,385.01
323.3000,-0.471561,384.833
323.2000,-0.349924,384.706
323.1000,-0.285874,384.413
323.0000,-0.201235,384.112
322.9000,-0.145897,383.807
322.8000,-0.206423,383.645
322.7000,-0.222451,383.388
322.6000,-0.297415,383.117
322.5000,-0.340296,382.839
322.4000,-0.414362,382.555
322.3000,-0.608018,382.37
322.2000,-0.61563,382.091
322.1000,-0.570242,381.797
322.0000,-0.580408,381.494
321.9000,-0.621742,381.307
321.8000,-0.585252,380.992
321.7000,-0.626498,380.671
321.6000,-0.652676,380.352
321.5000,-0.576542,380.059
321.4000,-0.486129,379.891
321.3000,-0.578548,379.648
321.2000,-0.770887,379.411
321.1000,-0.791363,379.181
321.0000,-0.757724,379.105
320.9000,-0.658852,378.966
320.8000,-0.626266,378.823
320.7000,-0.597791,378.682
320.6000,-0.631992,378.537
320.5000,-0.733964,378.485
320.4000,-0.613762,378.336
320.3000,-0.509999,378.176
320.2000,-0.472184,378.018
320.1000,-0.54015,377.956
320.0000,-0.538501,377.775
319.9000,-0.467479,377.581
319.8000,-0.438644,377.397
319.7000,-0.322489,377.212
319.6000,-0.235442,376.968
319.5000,-0.284554,376.764
319.4000,-0.321986,376.552
319.3000,-0.348557,376.328
319.2000,-0.354467,376.215
319.1000,-0.385199,376.007
319.0000,-0.509843,375.769
318.9000,-0.601312,375.535
318.8000,-0.740884,375.415
318.7000,-0.774445,375.204
318.6000,-0.82614,374.986
318.5000,-0.81872,374.795
318.4000,-0.765918,374.607
318.3000,-0.671443,374.37
318.2000,-0.619968,374.188
318.1000,-0.55878,373.999
318.0000,-0.477604,373.816
317.9000,-0.489765,373.741
317.8000,-0.462932,373.581
317.7000,-0.520519,373.391
317.6000,-0.626865,373.192
317.5000,-0.767062,373.101
317.4000,-0.891146,372.915
317.3000,-0.958613,372.719
317.2000,-1.0165,372.537
317.1000,-0.996204,372.349
317.0000,-0.997766,372.111
316.9000,-0.951797,371.924
316.8000,-0.857981,371.76
316.7000,-0.833392,371.588
316.6000,-0.787333,371.394
316.5000,-0.813867,371.251
316.4000,-0.812709,371.089
316.3000,-0.768128,370.907
316.2000,-0.680612,370.706
316.1000,-0.693446,370.552
316.0000,-0.730975,370.385
315.9000,-0.755103,370.189
315.8000,-0.743569,370.085
315.7000,-0.655231,369.915
315.6000,-0.620326,369.743
315.5000,-0.64756,369.564
315.4000,-0.719884,369.47
315.3000,-0.696483,369.29
315.2000,-0.652022,369.101
315.1000,-0.64004,368.93
315.0000,-0.601578,368.759
314.9000,-0.636873,368.567
314.8000,-0.546009,368.412
314.7000,-0.467396,368.242
314.6000,-0.394691,368.064
314.5000,-0.374049,367.891
314.4000,-0.38954,367.766
314.3000,-0.350241,367.616
314.2000,-0.32272,367.461
314.1000,-0.274374,367.267
314.0000,-0.312816,367.104
313.9000,-0.406103,366.952
313.8000,-0.387925,366.807
313.7000,-0.45279,366.586
313.6000,-0.554676,366.388
313.5000,-0.525409,366.207
313.4000,-0.593516,366.025
313.3000,-0.635131,365.834
313.2000,-0.682645,365.68
313.1000,-0.682474,365.518
313.0000,-0.7198,365.35
312.9000,-0.751814,365.191
312.8000,-0.69565,365.082
312.7000,-0.666186,364.95
312.6000,-0.70305,364.81
312.5000,-0.633611,364.634
312.4000,-0.624574,364.477
312.3000,-0.600566,364.317
312.2000,-0.67507,364.15
312.1000,-0.652268,363.924
312.0000,-0.575057,363.72
311.9000,-0.623137,363.508
311.8000,-0.574472,363.243
311.7000,-0.50231,363.045
311.6000,-0.49082,362.861
311.5000,-0.507003,362.692
311.4000,-0.46642,362.462
311.3000,-0.462465,362.314
311.2000,-0.56922,362.189
311.1000,-0.573051,362.092
311.0000,-0.594878,361.974
310.9000,-0.579281,361.884
310.8000,-0.566621,361.795
310.7000,-0.664834,361.71
310.6000,-0.691494,361.581
310.5000,-0.702225,361.474
310.4000,-0.624335,361.378
310.3000,-0.68671,361.28
310.2000,-0.658323,361.184
310.1000,-0.722881,361.111
310.0000,-0.790412,361.031
309.9000,-0.74979,360.959
309.8000,-0.756362,360.885
309.7000,-0.760098,360.812
309.6000,-0.804088,360.75
309.5000,-0.808684,360.615
309.4000,-0.847667,360.51
309.3000,-0.865531,360.396
309.2000,-0.799167,360.298
309.1000,-0.6794,360.11
309.0000,-0.616987,359.962
308.9000,-0.524962,359.835
308.8000,-0.464344,359.712
308.7000,-0.398805,359.599
308.6000,-0.405009,359.507
308.5000,-0.378153,359.407
308.4000,-0.404591,359.257
308.3000,-0.546564,359.166
308.2000,-0.617834,359.08
308.1000,-0.607617,359.017
308.0000,-0.707012,358.886
307.9000,-0.752803,358.78
307.8000,-0.775311,358.659
307.7000,-0.719004,358.561
307.6000,-0.708436,358.429
307.5000,-0.698714,358.277
307.4000,-0.732051,358.146
307.3000,-0.812811,357.987
307.2000,-0.890284,357.872
307.1000,-0.944963,357.755
307.0000,-0.878524,357.668
306.9000,-0.859903,357.542
306.8000,-0.886436,357.467
306.7000,-0.873866,357.408
306.6000,-0.820067,357.306
306.5000,-0.688468,357.225
306.4000,-0.582911,357.123
306.3000,-0.500871,357.044
306.2000,-0.532108,356.897
306.1000,-0.531383,356.78
306.0000,-0.501041,356.641
305.9000,-0.507673,356.533
305.8000,-0.471841,356.446
305.7000,-0.447944,356.344
305.6000,-0.498605,356.264
305.5000,-0.519119,356.156
305.4000,-0.423438,356.1
305.3000,-0.467465,356.021
305.2000,-0.55562,355.966
305.1000,-0.60628,355.873
305.0000,-0.611661,355.756
304.9000,-0.686848,355.673
304.8000,-0.688815,355.544
304.7000,-0.609078,355.443
304.6000,-0.583136,355.318
304.5000,-0.495771,355.203
304.4000,-0.398348,355.103
304.3000,-0.317545,354.997
304.2000,-0.349136,354.935
304.1000,-0.35668,354.853
304.0000,-0.402107,354.807
303.9000,-0.434465,354.738
303.8000,-0.512212,354.65
303.7000,-0.546825,354.59
303.6000,-0.637852,354.488
303.5000,-0.738929,354.411
303.4000,-0.812767,354.301
303.3000,-0.856933,354.183
303.2000,-0.885638,354.076
303.1000,-0.954291,353.981
303.0000,-0.951151,353.929
302.9000,-0.981027,353.85
302.8000,-1.05599,353.768
302.7000,-1.01715,353.703
302.6000,-1.02484,353.626
302.5000,-0.952943,353.588
302.4000,-0.972428,353.524
302.3000,-0.932796,353.428
302.2000,-0.962981,353.334
302.1000,-1.01196,353.228
302.0000,-0.946898,353.163
301.9000,-0.951711,353.075
301.8000,-0.915313,352.994
301.7000,-0.891698,352.928
301.6000,-0.850512,352.844
301.5000,-0.776383,352.804
301.4000,-0.6863,352.752
301.3000,-0.619644,352.679
301.2000,-0.559147,352.622
301.1000,-0.520298,352.556
301.0000,-0.516391,352.52
300.9000,-0.577485,352.44
300.8000,-0.587534,352.357
300.7000,-0.646885,352.283
300.6000,-0.752485,352.196
300.5000,-0.816595,352.128
300.4000,-0.811604,352.073
300.3000,-0.789194,351.996
300.2000,-0.780534,351.923
300.1000,-0.782026,351.861
300.0000,-0.805308,351.791
299.9000,-0.866827,351.73
299.8000,-0.8054,351.673
299.7000,-0.822169,351.598
299.6000,-0.832347,351.53
299.5000,-0.909202,351.463
299.4000,-0.991167,351.409
299.3000,-0.966588,351.339
299.2000,-0.980712,351.282
299.1000,-0.982526,351.24
299.0000,-0.969414,351.173
298.9000,-0.974079,351.127
298.8000,-1.02824,351.089
298.7000,-1.00865,351.033
298.6000,-0.974012,350.982
298.5000,-0.9938,350.925
298.4000,-0.983096,350.862
298.3000,-0.991857,350.804
298.2000,-0.988266,350.739
298.1000,-1.01971,350.673
298.0000,-0.956846,350.613
297.9000,-0.901159,350.558
297.8000,-0.872024,350.484
297.7000,-0.857294,350.428
297.6000,-0.841394,350.384
297.5000,-0.816167,350.315
297.4000,-0.791976,350.269
297.3000,-0.749776,350.226
297.2000,-0.791961,350.154
297.1000,-0.924762,350.098
297.0000,-1.05954,350.042
296.9000,-1.10811,349.972
296.8000,-1.1207,349.919
296.7000,-1.0735,349.871
296.6000,-1.05375,349.835
296.5000,-1.13683,349.783
296.4000,-1.15363,349.743
296.3000,-0.96683,349.722
296.2000,-0.861679,349.684
296.1000,-0.823328,349.642
296.0000,-0.815663,349.607
295.9000,-0.875173,349.564
295.8000,-0.899381,349.494
295.7000,-0.890888,349.45
295.6000,-0.820959,349.407
295.5000,-0.841329,349.339
295.4000,-0.79839,349.268
295.3000,-0.777134,349.225
295.2000,-0.661688,349.174
295.1000,-0.550286,349.11
295.0000,-0.532704,349.075
294.9000,-0.501088,349.019
294.8000,-0.495756,348.955
294.7000,-0.552145,348.915
294.6000,-0.618455,348.873
294.5000,-0.609224,348.824
294.4000,-0.667728,348.786
294.3000,-0.74998,348.749
294.2000,-0.718541,348.695
294.1000,-0.724741,348.657
294.0000,-0.748714,348.628
293.9000,-0.78861,348.571
293.8000,-0.779642,348.537
293.7000,-0.882218,348.504
293.6000,-0.854457,348.445
293.5000,-0.865619,348.371
293.4000,-0.947635,348.325
293.3000,-1.00231,348.275
293.2000,-0.984033,348.22
293.1000,-0.929632,348.195
293.0000,-0.930349,348.149
292.9000,-0.915888,348.097
292.8000,-0.974483,348.074
292.7000,-1.0309,348.051
292.6000,-1.11147,348.015
292.5000,-1.12194,347.96
292.4000,-1.15925,347.925
292.3000,-1.17698,347.868
292.2000,-1.17523,347.812
292.1000,-1.25215,347.776
292.0000,-1.30617,347.724
291.9000,-1.30945,347.663
291.8000,-1.23066,347.613
291.7000,-1.16994,347.591
291.6000,-1.16377,347.546
291.5000,-1.20436,347.492
291.4000,-1.24391,347.462
291.3000,-1.19811,347.409
291.2000,-1.14488,347.336
291.1000,-1.11613,347.267
291.0000,-1.06089,347.218
290.9000,-1.02956,347.141
290.8000,-1.0537,347.039
290.7000,-1.02305,346.934
290.6000,-1.00287,346.815
290.5000,-1.02624,346.673
290.4000,-1.0285,346.525
290.3000,-1.0077,346.393
290.2000,-0.967023,346.24
290.1000,-0.948952,346.071
290.0000,-0.882253,345.927
289.9000,-0.885498,345.827
289.8000,-0.950256,345.738
289.7000,-0.942603,345.681
289.6000,-0.824708,345.669
289.5000,-0.82404,345.695
289.4000,-0.875298,345.743
289.3000,-0.92126,345.819
289.2000,-0.973927,345.918
289.1000,-0.956588,346.043
289.0000,-0.929039,346.154
288.9000,-0.865158,346.262
288.8000,-0.896822,346.351
288.7000,-0.843832,346.433
288.6000,-0.778584,346.497
288.5000,-0.786257,346.542
288.4000,-0.740362,346.573
288.3000,-0.821492,346.586
288.2000,-0.941104,346.574
288.1000,-0.90582,346.566
288.0000,-0.922033,346.548
287.9000,-0.947676,346.513
287.8000,-0.977766,346.489
287.7000,-0.920702,346.463
287.6000,-0.914273,346.442
287.5000,-0.785984,346.406
287.4000,-0.636721,346.388
287.3000,-0.546802,346.375
287.2000,-0.542783,346.355
287.1000,-0.569683,346.34
287.0000,-0.636234,346.298
286.9000,-0.738312,346.272
286.8000,-0.743384,346.259
286.7000,-0.747302,346.243
286.6000,-0.734658,346.225
286.5000,-0.704751,346.219
286.4000,-0.689814,346.213
286.3000,-0.690233,346.21
286.2000,-0.661056,346.207
286.1000,-0.612833,346.201
286.0000,-0.593896,346.205
285.9000,-0.627138,346.2
285.8000,-0.714017,346.2
285.7000,-0.789911,346.165
285.6000,-0.858505,346.14
285.5000,-0.885534,346.138
285.4000,-0.824343,346.136
285.3000,-0.878498,346.133
285.2000,-0.966194,346.097
285.1000,-1.05053,346.07
285.0000,-1.10676,346.068
284.9000,-1.12101,346.06
284.8000,-1.16149,346.057
284.7000,-1.2317,346.025
284.6000,-1.30379,346.001
284.5000,-1.36997,346
284.4000,-1.35304,346.004
284.3000,-1.31078,346.017
284.2000,-1.23256,346.002
284.1000,-1.25472,345.993
284.0000,-1.25411,345.978
283.9000,-1.20836,345.988
283.8000,-1.21944,346.003
283.7000,-1.18446,345.993
283.6000,-1.16132,345.983
283.5000,-1.15192,345.968
283.4000,-1.12795,345.959
283.3000,-1.08914,345.969
283.2000,-1.03763,345.985
283.1000,-0.97013,345.991
283.0000,-0.87532,345.983
282.9000,-0.890257,345.978
282.8000,-0.849768,345.973
282.7000,-0.834359,345.984
282.6000,-0.883465,345.999
282.5000,-0.94176,345.999
282.4000,-0.923934,345.994
282.3000,-0.902517,345.986
282.2000,-0.89544,345.981
282.1000,-0.870152,345.997
282.0000,-0.881052,346.01
281.9000,-0.950561,346.016
281.8000,-0.977444,346.013
281.7000,-0.93552,346.01
281.6000,-0.86498,346.01
281.5000,-0.899961,346.007
281.4000,-0.972522,346.023
281.3000,-1.01301,346.026
281.2000,-1.04219,346.022
281.1000,-1.01363,346.017
281.0000,-1.01347,346.013
280.9000,-0.982599,346.007
280.8000,-1.03478,345.996
280.7000,-1.08074,345.988
280.6000,-1.08641,345.988
280.5000,-1.06357,345.979
280.4000,-1.04465,345.97
280.3000,-1.02473,345.957
280.2000,-0.965659,345.943
280.1000,-0.914637,345.933
280.0000,-0.903401,345.925
279.9000,-0.877985,345.916
279.8000,-0.899719,345.893
279.7000,-0.869123,345.888
279.6000,-0.867984,345.884
279.5000,-0.859037,345.884
279.4000,-0.867604,345.885
279.3000,-0.855539,345.884
279.2000,-0.924554,345.882
279.1000,-0.950961,345.883
279.0000,-0.914033,345.888
278.9000,-0.844167,345.886
278.8000,-0.777949,345.899
278.7000,-0.809882,345.906
278.6000,-0.884329,345.918
278.5000,-0.947713,345.93
278.4000,-0.897187,345.947
278.3000,-0.801317,345.965
278.2000,-0.759385,345.986
278.1000,-0.788715,346
278.0000,-0.873373,345.998
277.9000,-0.808793,345.995
277.8000,-0.714889,345.994
277.7000,-0.63341,345.992
277.6000,-0.718473,346.003
277.5000,-0.80638,346.014
277.4000,-0.896971,346.027
277.3000,-0.964548,346.043
277.2000,-1.00484,346.062
277.1000,-1.11811,346.078
277.0000,-1.27955,346.093
276.9000,-1.3222,346.114
276.8000,-1.32086,346.124
276.7000,-1.27888,346.126
276.6000,-1.27229,346.126
276.5000,-1.23098,346.127
276.4000,-1.13725,346.127
276.3000,-0.972084,346.133
276.2000,-0.737298,346.141
276.1000,-0.687365,346.141
276.0000,-0.694045,346.155
275.9000,-0.716635,346.171
275.8000,-0.808329,346.186
275.7000,-0.870865,346.208
275.6000,-0.987822,346.232
275.5000,-1.09242,346.254
275.4000,-1.17612,346.28
275.3000,-1.19072,346.307
275.2000,-1.14565,346.322
275.1000,-1.17256,346.336
275.0000,-1.10208,346.353
274.9000,-1.00581,346.371
274.8000,-0.925281,346.381
274.7000,-0.902714,346.389
274.6000,-0.961468,346.398
274.5000,-0.968225,346.409
274.4000,-0.979346,346.426
274.3000,-0.976277,346.446
274.2000,-0.979832,346.464
274.1000,-1.00005,346.483
274.0000,-0.993905,346.5
273.9000,-0.992131,346.523
273.8000,-1.0055,346.546
273.7000,-1.06785,346.567
273.6000,-1.09755,346.59
273.5000,-1.00124,346.612
273.4000,-0.904386,346.631
273.3000,-0.802701,346.652
273.2000,-0.791805,346.67
273.1000,-0.822098,346.685
273.0000,-0.760926,346.698
272.9000,-0.724589,346.71
272.8000,-0.738389,346.719
272.7000,-0.835497,346.729
272.6000,-0.915684,346.741
272.5000,-1.00976,346.755
272.4000,-1.05752,346.77
272.3000,-0.986457,346.793
272.2000,-0.919611,346.822
272.1000,-0.934588,346.844
272.0000,-0.898956,346.869
271.9000,-0.833428,346.889
271.8000,-0.841128,346.906
271.7000,-0.806294,346.922
271.6000,-0.818142,346.936
271.5000,-0.810578,346.946
271.4000,-0.88843,346.952
271.3000,-0.932053,346.955
271.2000,-0.914881,346.958
271.1000,-0.932598,346.965
271.0000,-0.808408,346.977
270.9000,-0.705109,346.974
270.8000,-0.660053,346.964
270.7000,-0.626904,346.957
270.6000,-0.615053,346.945
270.5000,-0.583059,346.932
270.4000,-0.561832,346.923
270.3000,-0.588188,346.915
270.2000,-0.651917,346.905
270.1000,-0.732203,346.901
270.0000,-0.786224,346.901
269.9000,-0.856907,346.905
269.8000,-0.94063,346.916
269.7000,-0.962952,346.936
269.6000,-0.949977,346.956
269.5000,-0.888818,346.976
269.4000,-0.86285,346.988
269.3000,-0.863828,347.008
269.2000,-0.892138,347.039
269.1000,-0.9211,347.078
269.0000,-0.862024,347.116
268.9000,-0.690822,347.166
268.8000,-0.62082,347.215
268.7000,-0.650531,347.267
268.6000,-0.703296,347.32
268.5000,-0.755786,347.382
268.4000,-0.732919,347.443
268.3000,-0.64887,347.486
268.2000,-0.600484,347.527
268.1000,-0.655302,347.55
268.0000,-0.722438,347.582
267.9000,-0.752718,347.612
267.8000,-0.716371,347.657
267.7000,-0.641894,347.7
267.6000,-0.617165,347.746
267.5000,-0.59771,347.797
267.4000,-0.623879,347.844
267.3000,-0.671928,347.902
267.2000,-0.68271,347.951
267.1000,-0.690966,348.015
267.0000,-0.747573,348.07
266.9000,-0.708743,348.135
266.8000,-0.686275,348.193
266.7000,-0.843944,348.24
266.6000,-0.975717,348.297
266.5000,-0.944843,348.354
266.4000,-0.941808,348.423
266.3000,-0.99093,348.479
266.2000,-0.935919,348.542
266.1000,-0.913749,348.6
266.0000,-0.936768,348.642
265.9000,-0.799519,348.701
265.8000,-0.560574,348.764
265.7000,-0.464788,348.842
265.6000,-0.467258,348.91
265.5000,-0.437264,348.973
265.4000,-0.418533,349.017
265.3000,-0.508886,349.053
265.2000,-0.602038,349.106
265.1000,-0.6496,349.16
265.0000,-0.759696,349.21
264.9000,-0.881178,349.252
264.8000,-0.862089,349.285
264.7000,-0.877045,349.326
264.6000,-0.881071,349.384
264.5000,-0.801041,349.461
264.4000,-0.690152,349.533
264.3000,-0.616083,349.592
264.2000,-0.55554,349.662
264.1000,-0.520755,349.739
264.0000,-0.493957,349.83
263.9000,-0.562791,349.92
263.8000,-0.558044,350
263.7000,-0.533985,350.075
263.6000,-0.566272,350.153
263.5000,-0.568919,350.243
263.4000,-0.607707,350.34
263.3000,-0.585171,350.421
263.2000,-0.595946,350.495
263.1000,-0.56994,350.57
263.0000,-0.589087,350.651
262.9000,-0.605238,350.728
262.8000,-0.645957,350.801
262.7000,-0.702757,350.873
262.6000,-0.799935,350.941
262.5000,-0.872978,351.019
262.4000,-0.915599,351.093
262.3000,-0.942781,351.172
262.2000,-0.878978,351.255
262.1000,-0.808298,351.353
262.0000,-0.770952,351.439
261.9000,-0.652999,351.526
261.8000,-0.531088,351.611
261.7000,-0.465979,351.675
261.6000,-0.425675,351.745
261.5000,-0.50007,351.821
261.4000,-0.579936,351.9
261.3000,-0.624204,351.964
261.2000,-0.666805,352.031
261.1000,-0.644405,352.105
261.0000,-0.68585,352.194
260.9000,-0.691181,352.283
260.8000,-0.68417,352.379
260.7000,-0.607673,352.472
260.6000,-0.514074,352.552
260.5000,-0.531272,352.638
260.4000,-0.546532,352.738
260.3000,-0.546938,352.837
260.2000,-0.595022,352.91
260.1000,-0.623089,352.984
260.0000,-0.623886,353.069
259.9000,-0.592498,353.143
259.8000,-0.636697,353.227
259.7000,-0.619036,353.31
259.6000,-0.53425,353.377
259.5000,-0.465569,353.443
259.4000,-0.396582,353.523
259.3000,-0.354748,353.598
259.2000,-0.359454,353.679
259.1000,-0.373329,353.768
259.0000,-0.270646,353.848
258.9000,-0.195935,353.934
258.8000,-0.24297,354.044
258.7000,-0.329805,354.149
258.6000,-0.371376,354.265
258.5000,-0.39137,354.392
258.4000,-0.348414,354.507
258.3000,-0.288477,354.616
258.2000,-0.284021,354.734
258.1000,-0.334514,354.839
258.0000,-0.293816,354.941
257.9000,-0.334353,355.041
257.8000,-0.40168,355.121
257.7000,-0.450999,355.197
257.6000,-0.483094,355.282
257.5000,-0.548223,355.361
257.4000,-0.615274,355.447
257.3000,-0.665397,355.543
257.2000,-0.737447,355.643
257.1000,-0.683109,355.738
257.0000,-0.6683,355.827
256.9000,-0.715963,355.913
256.8000,-0.766465,355.987
256.7000,-0.799074,356.074
256.6000,-0.854005,356.157
256.5000,-0.924051,356.224
256.4000,-0.909451,356.293
256.3000,-0.908079,356.356
256.2000,-0.873552,356.432
256.1000,-0.91006,356.529
256.0000,-0.862758,356.625
255.9000,-0.785533,356.725
255.8000,-0.697288,356.808
255.7000,-0.676786,356.907
255.6000,-0.59544,357.012
255.5000,-0.608015,357.11
255.4000,-0.620452,357.214
255.3000,-0.589429,357.305
255.2000,-0.530381,357.409
255.1000,-0.570121,357.513
255.0000,-0.5375,357.629
254.9000,-0.524112,357.724
254.8000,-0.585908,357.814
254.7000,-0.569485,357.925
254.6000,-0.558958,358.034
254.5000,-0.540734,358.149
254.4000,-0.414775,358.248
254.3000,-0.361892,358.34
254.2000,-0.405268,358.421
254.1000,-0.426625,358.511
254.0000,-0.401879,358.605
253.9000,-0.339602,358.7
253.8000,-0.356502,358.783
253.7000,-0.401155,358.871
253.6000,-0.50752,358.962
253.5000,-0.678971,359.065
253.4000,-0.722843,359.167
253.3000,-0.74573,359.272
253.2000,-0.685965,359.374
253.1000,-0.695332,359.475
253.0000,-0.79119,359.561
252.9000,-0.822826,359.644
252.8000,-0.830495,359.717
252.7000,-0.76378,359.791
252.6000,-0.697313,359.858
252.5000,-0.640477,359.93
252.4000,-0.714873,359.994
252.3000,-0.748041,360.06
252.2000,-0.708757,360.131
252.1000,-0.623733,360.217
252.0000,-0.583907,360.303
251.9000,-0.597255,360.379
251.8000,-0.671157,360.462
251.7000,-0.75632,360.545
251.6000,-0.710566,360.647
251.5000,-0.638596,360.746
251.4000,-0.690509,360.85
251.3000,-0.716221,360.948
251.2000,-0.78714,361.036
251.1000,-0.748399,361.143
251.0000,-0.599533,361.263
250.9000,-0.552322,361.38
250.8000,-0.572319,361.48
250.7000,-0.629046,361.585
250.6000,-0.57363,361.686
250.5000,-0.506466,361.779
250.4000,-0.376721,361.885
250.3000,-0.281935,361.99
250.2000,-0.304791,362.089
250.1000,-0.275239,362.173
250.0000,-0.2357,362.264
249.9000,-0.230768,362.363
249.8000,-0.294073,362.452
249.7000,-0.318458,362.548
249.6000,-0.344162,362.637
249.5000,-0.421001,362.727
249.4000,-0.447338,362.827
249.3000,-0.49077,362.928
249.2000,-0.502332,363.032
249.1000,-0.424642,363.132
249.0000,-0.328459,363.223
248.9000,-0.192477,363.323
248.8000,-0.263146,363.433
248.7000,-0.299751,363.537
248.6000,-0.374152,363.628
248.5000,-0.465342,363.721
248.4000,-0.536545,363.818
248.3000,-0.616561,363.917
248.2000,-0.637681,364.031
248.1000,-0.674209,364.137
248.0000,-0.613005,364.23
247.9000,-0.506454,364.329
247.8000,-0.384929,364.427
247.7000,-0.376871,364.513
247.6000,-0.27997,364.616
247.5000,-0.168289,364.72
247.4000,-0.0939847,364.8
247.3000,-0.121538,364.864
247.2000,-0.175423,364.937
247.1000,-0.316213,365.008
247.0000,-0.350654,365.085
246.9000,-0.396361,365.174
246.8000,-0.449296,365.248
246.7000,-0.501111,365.305
246.6000,-0.510415,365.378
246.5000,-0.524936,365.484
246.4000,-0.464162,365.599
246.3000,-0.441559,365.711
246.2000,-0.443521,365.814
246.1000,-0.362111,365.922
246.0000,-0.292018,366.031
245.9000,-0.321673,366.139
245.8000,-0.433599,366.253
245.7000,-0.483801,366.372
245.6000,-0.526442,366.48
245.5000,-0.582344,366.578
245.4000,-0.575394,366.677
245.3000,-0.625445,366.774
245.2000,-0.62682,366.894
245.1000,-0.565955,367.026
245.0000,-0.491197,367.15
244.9000,-0.407043,367.256
244.8000,-0.434734,367.354
244.7000,-0.441864,367.471
244.6000,-0.361036,367.593
244.5000,-0.404269,367.709
244.4000,-0.47098,367.809
244.3000,-0.551175,367.894
244.2000,-0.588627,367.983
244.1000,-0.589019,368.084
244.0000,-0.55897,368.183
243.9000,-0.516751,368.273
243.8000,-0.546622,368.357
243.7000,-0.503603,368.447
243.6000,-0.411061,368.541
243.5000,-0.285281,368.643
243.4000,-0.218436,368.757
243.3000,-0.251882,368.87
243.2000,-0.320873,368.984
243.1000,-0.27617,369.099
243.0000,-0.25316,369.215
242.9000,-0.339394,369.335
242.8000,-0.437336,369.467
242.7000,-0.564218,369.595
242.6000,-0.635642,369.711
242.5000,-0.716169,369.825
242.4000,-0.718651,369.948
242.3000,-0.728076,370.071
242.2000,-0.773956,370.194
242.1000,-0.774262,370.313
242.0000,-0.676666,370.427
241.9000,-0.507949,370.539
241.8000,-0.35223,370.661
241.7000,-0.210804,370.785
241.6000,-0.158271,370.895
241.5000,-0.169588,371.004
241.4000,-0.196764,371.121
241.3000,-0.137916,371.24
241.2000,-0.209482,371.352
241.1000,-0.330605,371.474
241.0000,-0.450916,371.606
240.9000,-0.538187,371.739
240.8000,-0.61999,371.877
240.7000,-0.651689,372.019
240.6000,-0.724004,372.159
240.5000,-0.75623,372.306
240.4000,-0.728913,372.455
240.3000,-0.689403,372.602
240.2000,-0.703314,372.747
240.1000,-0.639042,372.895
240.0000,-0.648379,373.033
239.9000,-0.596784,373.174
239.8000,-0.523713,373.322
239.7000,-0.466215,373.472
239.6000,-0.520889,373.622
239.5000,-0.509497,373.78
239.4000,-0.585591,373.929
239.3000,-0.659027,374.072
239.2000,-0.693711,374.214
239.1000,-0.72361,374.366
239.0000,-0.712641,374.523
238.9000,-0.621045,374.677
238.8000,-0.572488,374.829
238.7000,-0.59508,374.978
238.6000,-0.465247,375.12
238.5000,-0.3132,375.261
238.4000,-0.234494,375.409
238.3000,-0.146811,375.566
238.2000,-0.0295672,375.724
238.1000,-0.039462,375.877
238.0000,-0.0353848,376.038
237.9000,-0.0742957,376.196
237.8000,-0.162604,376.352
237.7000,-0.28398,376.512
237.6000,-0.319719,376.682
237.5000,-0.347972,376.845
237.4000,-0.462297,377.005
237.3000,-0.473924,377.17
237.2000,-0.490362,377.342
237.1000,-0.406517,377.51
237.0000,-0.316076,377.685
236.9000,-0.223662,377.871
236.8000,-0.206957,378.048
236.7000,-0.10299,378.227
236.6000,-0.0933286,378.391
236.5000,-0.142204,378.555
236.4000,-0.173807,378.723
236.3000,-0.25853,378.892
236.2000,-0.316569,379.069
236.1000,-0.361028,379.234
236.0000,-0.37299,379.399
235.9000,-0.492874,379.565
235.8000,-0.542268,379.741
235.7000,-0.612489,379.913
235.6000,-0.806574,380.08
235.5000,-0.872791,380.252
235.4000,-0.950981,380.426
235.3000,-0.894392,380.607
235.2000,-0.854849,380.792
235.1000,-0.866952,380.973
235.0000,-0.901973,381.155
234.9000,-0.808503,381.335
234.8000,-0.682277,381.517
234.7000,-0.586668,381.702
234.6000,-0.495318,381.872
234.5000,-0.492936,382.045
234.4000,-0.58582,382.219
234.3000,-0.567978,382.394
234.2000,-0.564387,382.564
234.1000,-0.535467,382.742
234.0000,-0.485381,382.922
233.9000,-0.448501,383.101
233.8000,-0.39972,383.286
233.7000,-0.408008,383.466
233.6000,-0.369575,383.657
233.5000,-0.413936,383.851
233.4000,-0.342525,384.047
233.3000,-0.382161,384.246
233.2000,-0.456057,384.45
233.1000,-0.581215,384.648
233.0000,-0.678722,384.848
232.9000,-0.648266,385.049
232.8000,-0.713871,385.244
232.7000,-0.576496,385.442
232.6000,-0.588303,385.635
232.5000,-0.654178,385.83
232.4000,-0.61096,386.02
232.3000,-0.568133,386.213
232.2000,-0.533139,386.398
232.1000,-0.466062,386.587
232.0000,-0.381227,386.774
231.9000,-0.404387,386.962
231.8000,-0.402141,387.143
231.7000,-0.286913,387.329
231.6000,-0.272756,387.515
231.5000,-0.333928,387.696
231.4000,-0.368861,387.888
231.3000,-0.510041,388.077
231.2000,-0.676465,388.272
231.1000,-0.851723,388.457
231.0000,-0.932034,388.645
230.9000,-1.13572,388.836
230.8000,-1.24105,389.027
230.7000,-1.30914,389.223
230.6000,-1.23645,389.418
230.5000,-1.08734,389.622
230.4000,-0.968551,389.824
230.3000,-0.899704,390.038
230.2000,-0.93316,390.25
230.1000,-0.915235,390.467
230.0000,-0.751133,390.684
229.9000,-0.586064,390.892
229.8000,-0.57306,391.098
229.7000,-0.639936,391.293
229.6000,-0.617626,391.49
229.5000,-0.612138,391.671
229.4000,-0.617998,391.841
229.3000,-0.625795,392.009
229.2000,-0.695746,392.173
229.1000,-0.765558,392.34
229.0000,-0.793762,392.511
228.9000,-0.819713,392.68
228.8000,-0.951275,392.848
228.7000,-1.14206,393.031
228.6000,-1.06321,393.235
228.5000,-0.942112,393.446
228.4000,-0.977991,393.667
228.3000,-1.07201,393.892
228.2000,-1.10598,394.122
228.1000,-1.14958,394.361
228.0000,-1.15183,394.601
227.9000,-0.920549,394.841
227.8000,-0.730301,395.072
227.7000,-0.614851,395.307
227.6000,-0.635742,395.527
227.5000,-0.608227,395.749
227.4000,-0.508026,395.974
227.3000,-0.448993,396.198
227.2000,-0.399896,396.417
227.1000,-0.510867,396.631
227.0000,-0.654574,396.844
226.9000,-0.779075,397.051
226.8000,-0.853576,397.263
226.7000,-0.895479,397.476
226.6000,-1.07129,397.681
226.5000,-1.26952,397.884
226.4000,-1.33319,398.085
226.3000,-1.2717,398.29
226.2000,-1.17895,398.507
226.1000,-1.16116,398.727
226.0000,-1.04451,398.946
225.9000,-0.926365,399.164
225.8000,-0.762254,399.38
225.7000,-0.55364,399.597
225.6000,-0.460887,399.814
225.5000,-0.421123,400.034
225.4000,-0.532417,400.244
225.3000,-0.616747,400.456
225.2000,-0.588968,400.672
225.1000,-0.596752,400.887
225.0000,-0.484699,401.102
224.9000,-0.537795,401.314
224.8000,-0.565616,401.527
224.7000,-0.574905,401.741
224.6000,-0.553006,401.957
224.5000,-0.431347,402.171
224.4000,-0.452139,402.382
224.3000,-0.510171,402.594
224.2000,-0.711838,402.804
224.1000,-0.920699,403.013
224.0000,-1.11076,403.223
223.9000,-1.13856,403.436
223.8000,-1.08422,403.655
223.7000,-1.04119,403.875
223.6000,-1.12457,404.089
223.5000,-1.22317,404.303
223.4000,-1.25107,404.521
223.3000,-1.19453,404.736
223.2000,-1.06376,404.951
223.1000,-1.00261,405.165
223.0000,-1.10795,405.373
222.9000,-1.20321,405.576
222.8000,-1.0747,405.787
222.7000,-0.944638,405.996
222.6000,-0.775207,406.203
222.5000,-0.596791,406.413
222.4000,-0.492013,406.618
222.3000,-0.364407,406.825
222.2000,-0.290792,407.029
222.1000,-0.233255,407.235
222.0000,-0.258271,407.437
221.9000,-0.381082,407.63
221.8000,-0.541885,407.826
221.7000,-0.505943,408.028
221.6000,-0.445126,408.238
221.5000,-0.66402,408.443
221.4000,-0.704944,408.65
221.3000,-0.643653,408.861
221.2000,-0.664166,409.071
221.1000,-0.589042,409.286
221.0000,-0.378728,409.501
220.9000,-0.296576,409.716
220.8000,-0.393646,409.925
220.7000,-0.362909,410.129
220.6000,-0.371971,410.335
220.5000,-0.332007,410.551
220.4000,-0.201246,410.763
220.3000,-0.288391,410.967
220.2000,-0.395322,411.18
220.1000,-0.509082,411.385
220.0000,-0.567628,411.595
219.9000,-0.483825,411.816
219.8000,-0.26337,412.04
219.7000,-0.164012,412.253
219.6000,-0.18492,412.461
219.5000,-0.0894894,412.678
219.4000,-0.0166704,412.896
219.3000,0.0399122,413.11
219.2000,-0.0572069,413.321
219.1000,-0.0441312,413.533
219.0000,-0.316358,413.74
218.9000,-0.587526,413.942
218.8000,-0.750506,414.153
218.7000,-0.958402,414.357
218.6000,-1.13479,414.563
218.5000,-1.26458,414.767
218.4000,-1.27338,414.977
218.3000,-1.18009,415.187
218.2000,-1.06058,415.399
218.1000,-0.854345,415.614
218.0000,-0.915917,415.821
217.9000,-0.992632,416.026
217.8000,-0.921567,416.23
217.7000,-0.918277,416.435
217.6000,-0.834463,416.643
217.5000,-0.909847,416.852
217.4000,-0.963297,417.059
217.3000,-1.03805,417.264
217.2000,-0.823265,417.481
217.1000,-0.529198,417.698
217.0000,-0.406104,417.91
216.9000,-0.375394,418.123
216.8000,-0.323701,418.335
216.7000,-0.246407,418.542
216.6000,-0.256747,418.749
216.5000,-0.340145,418.954
216.4000,-0.3114,419.159
216.3000,-0.323748,419.36
216.2000,-0.399654,419.571
216.1000,-0.41023,419.78
216.0000,-0.332308,419.99
215.9000,-0.326839,420.198
215.8000,-0.211426,420.407
215.7000,-0.0181749,420.625
215.6000,-0.0411242,420.834
215.5000,-0.186635,421.043
215.4000,-0.214646,421.252
215.3000,-0.126275,421.463
215.2000,-0.0701871,421.673
215.1000,-0.0919939,421.89
215.0000,-0.101669,422.11
214.9000,-0.229826,422.325
214.8000,-0.446268,422.533
214.7000,-0.494215,422.748
214.6000,-0.459394,422.969
214.5000,-0.54009,423.188
214.4000,-0.76354,423.404
214.3000,-0.845189,423.619
214.2000,-0.853837,423.833
214.1000,-0.783915,424.05
214.0000,-0.57699,424.273
213.9000,-0.529336,424.496
213.8000,-0.483746,424.718
213.7000,-0.562565,424.937
213.6000,-0.484939,425.16
213.5000,-0.488272,425.385
213.4000,-0.408488,425.614
213.3000,-0.416657,425.844
213.2000,-0.368048,426.077
213.1000,-0.343753,426.31
213.0000,-0.401604,426.542
212.9000,-0.477759,426.775
212.8000,-0.502206,427.003
212.7000,-0.542976,427.233
212.6000,-0.675192,427.461
212.5000,-0.742476,427.691
212.4000,-0.762704,427.928
212.3000,-0.857662,428.156
212.2000,-0.875676,428.388
212.1000,-0.694496,428.627
212.0000,-0.424733,428.879
211.9000,-0.303098,429.128
211.8000,-0.117046,429.376
211.7000,-0.209005,429.618
211.6000,-0.428966,429.855
211.5000,-0.524747,430.095
211.4000,-0.541343,430.342
211.3000,-0.537527,430.593
211.2000,-0.50006,430.836
211.1000,-0.368256,431.086
211.0000,-0.409532,431.337
210.9000,-0.351153,431.589
210.8000,-0.0432675,431.851
210.7000,0.17465,432.119
210.6000,0.271161,432.381
210.5000,0.269691,432.642
210.4000,0.0751458,432.899
210.3000,-0.105837,433.162
210.2000,-0.0428311,433.427
210.1000,0.0513533,433.699
210.0000,-0.00790883,433.964
209.9000,-0.1167,434.225
209.8000,-0.128583,434.483
209.7000,-0.163243,434.746
209.6000,-0.0948493,435.01
209.5000,-0.0583859,435.279
209.4000,0.0620659,435.547
209.3000,-0.0473793,435.807
209.2000,-0.216958,436.068
209.1000,-0.301047,436.332
209.0000,-0.355533,436.598
208.9000,-0.418476,436.864
208.8000,-0.533985,437.126
208.7000,-0.815443,437.381
208.6000,-1.01907,437.648
208.5000,-1.09649,437.921
208.4000,-1.02383,438.192
208.3000,-1.00272,438.464
208.2000,-0.864036,438.74
208.1000,-0.987821,439.007
208.0000,-0.991161,439.279
207.9000,-0.716042,439.558
207.8000,-0.644941,439.832
207.7000,-0.765226,440.096
207.6000,-0.896316,440.363
207.5000,-1.00752,440.63
207.4000,-1.23279,440.891
207.3000,-1.24163,441.161
207.2000,-1.17098,441.433
207.1000,-1.19528,441.7
207.0000,-1.22751,441.965
206.9000,-1.31858,442.226
206.8000,-1.37983,442.488
206.7000,-1.47701,442.746
206.6000,-1.42555,443.012
206.5000,-1.33494,443.281
206.4000,-1.20514,443.552
206.3000,-1.16006,443.822
206.2000,-1.19534,444.08
206.1000,-1.14427,444.341
206.0000,-1.03048,444.606
205.9000,-0.830437,444.872
205.8000,-0.57717,445.142
205.7000,-0.397136,445.407
205.6000,-0.357713,445.668
205.5000,-0.350996,445.929
205.4000,-0.434267,446.187
205.3000,-0.5001,446.45
205.2000,-0.575415,446.713
205.1000,-0.502747,446.985
205.0000,-0.860639,447.24
204.9000,-1.14503,447.498
204.8000,-1.04474,447.767
204.7000,-1.15375,448.032
204.6000,-1.07252,448.305
204.5000,-1.04368,448.579
204.4000,-0.951073,448.85
204.3000,-0.859274,449.119
204.2000,-0.517976,449.401
204.1000,-0.192381,449.68
204.0000,-0.307343,449.948
203.9000,-0.393047,450.212
203.8000,-0.420678,450.48
203.7000,-0.35383,450.751
203.6000,-0.287871,451.025
203.5000,-0.386047,451.296
203.4000,-0.443177,451.568
203.3000,-0.423123,451.843
203.2000,-0.354684,452.125
203.1000,-0.290158,452.404
203.0000,-0.173379,452.689
202.9000,0.00498179,452.975
202.8000,0.0941002,453.257
202.7000,0.0500481,453.536
202.6000,-0.252532,453.802
202.5000,-0.554485,454.069
202.4000,-0.909161,454.331
202.3000,-0.986351,454.604
202.2000,-1.09529,454.874
202.1000,-1.50567,455.136
202.0000,-1.93178,455.401
201.9000,-1.88536,455.687
201.8000,-1.51915,455.988
201.7000,-1.28081,456.287
201.6000,-0.902658,456.594
201.5000,-0.612344,456.9
201.4000,-0.33233,457.21
201.3000,-0.0893134,457.519
201.2000,0.29383,457.833
201.1000,0.429159,458.141
201.0000,0.327702,458.437
200.9000,0.264032,458.738
200.8000,0.192259,459.043
200.7000,-0.0769833,459.346
200.6000,-0.354417,459.655
200.5000,-0.659929,459.97
200.4000,-0.77106,460.299
200.3000,-0.756901,460.634
200.2000,-0.72614,460.974
200.1000,-0.766739,461.307
200.0000,-0.686876,461.64
199.9000,-0.636862,461.966
199.8000,-0.533758,462.28
199.7000,-0.472394,462.583
199.6000,-0.35452,462.88
199.5000,-0.398954,463.171
199.4000,-0.439904,463.458
199.3000,-0.308345,463.752
199.2000,-0.241097,464.051
199.1000,-0.3573,464.347
199.0000,-0.269885,464.662
198.9000,-0.229234,464.985
198.8000,-0.309324,465.311
198.7000,-0.383743,465.647
198.6000,-0.514813,465.987
198.5000,-0.472331,466.344
198.4000,-0.495779,466.701
198.3000,-0.672429,467.061
198.2000,-0.721527,467.443
198.1000,-0.786557,467.839
198.0000,-0.767588,468.262
197.9000,-0.73459,468.691
197.8000,-0.727264,469.127
197.7000,-0.761434,469.565
197.6000,-0.873372,469.993
197.5000,-0.6654,470.421
197.4000,-0.357875,470.82
197.3000,-0.106081,471.178
197.2000,0.0222853,471.484
197.1000,0.187212,471.755
197.0000,0.244154,471.998
196.9000,0.284789,472.226
196.8000,0.0888227,472.44
196.7000,0.0995568,472.668
196.6000,0.125514,472.915
196.5000,0.0685102,473.191
196.4000,-0.13981,473.506
196.3000,-0.365232,473.863
196.2000,-0.47244,474.265
196.1000,-0.602595,474.709
196.0000,-0.486386,475.216
195.9000,-0.50387,475.792
195.8000,-0.649778,476.456
195.7000,-0.731275,477.229
195.6000,-0.601988,478.099
195.5000,-0.409097,479.048
195.4000,-0.323226,480.041
195.3000,-0.207524,481.042
195.2000,0.0444766,482.024
195.1000,0.0738549,482.916
195.0000,-0.0494799,483.665
194.9000,-0.250935,484.214
194.8000,-0.256956,484.57
194.7000,-0.320949,484.754
194.6000,-0.386472,484.803
194.5000,-0.316704,484.77
194.4000,-0.649508,484.679
194.3000,-0.863955,484.599
194.2000,-0.610923,484.6
194.1000,-0.292383,484.729
194.0000,-0.309023,485.018
193.9000,-0.230391,485.496
193.8000,-0.0698086,486.184
193.7000,-0.247271,487.096
193.6000,-0.334137,488.282
193.5000,-0.329753,489.78
193.4000,-0.736383,491.599
193.3000,-0.98483,493.707
193.2000,-1.14008,496.031
193.1000,-1.40481,498.463
193.0000,-1.71812,500.887
192.9000,-1.63274,503.181
192.8000,-1.35359,505.183
192.7000,-1.02264,506.697
192.6000,-0.604609,507.597
192.5000,-0.464532,507.88
192.4000,-0.643414,507.643
192.3000,-0.552638,507.022
192.2000,-0.325955,506.142
192.1000,-0.00404123,505.141
192.0000,0.0504011,504.171
191.9000,-0.0268633,503.431
191.8000,-0.0508817,503.112
191.7000,-0.236885,503.288
191.6000,-0.0345965,503.995
191.5000,-0.0541592,505.208
191.4000,-0.124379,506.934
191.3000,-0.430032,509.194
191.2000,-0.585143,511.991
191.1000,-0.812922,515.247
191.0000,-0.953782,518.809
190.9000,-0.926093,522.486
190.8000,-0.708732,526.091
190.7000,-0.680024,529.416
190.6000,-0.856219,532.263
190.5000,-0.83604,534.421
190.4000,-0.512615,535.719
190.3000,-0.236763,536.143
190.2000,-0.0429237,535.823
190.1000,0.112364,534.969
190.0000,0.131484,533.814

##### Extended Information
[Comments]
Sample name,Seo_0.6uM
Comment
User
Division
Company,CSIR-IMTECH

[Detailed Information]
Creation date,4/8/2024 3:19 PM

Data array type,Linear data array * 2
Horizontal axis,Wavelength [nm]
Vertical axis(1),CD [mdeg]
Vertical axis(2),HT [V]
Start,350 nm
End,190 nm
Data interval,0.1 nm
Data points,1601    

[Measurement Information]
Instrument Name,JASCO CD
Model Name,J-815
Serial No.,B063061168

Accessory,PTC-423S
Accessory S/N,C013945-01
  Temperature,36.65 C
  Control Sonsor,Cell
  Monitor Sensor,Cell
  Start Mode,Start immediately
  Cell Length,10 mm

Measurement date,4/8/2024 3:18 PM

Photometric Mode,CD, HT
Measure Range,350 - 190 nm
Data pitch,0.1 nm
Sensitivity,Standard
D.I.T.,1 sec
Bandwidth,1.00 nm
Start Mode,Immediately
Scanning Speed,50 nm/min
Baseline Correction,None
Shutter Control,Auto
CD Detector,PMT
PMT Voltage,Auto
Accumulations,3
Concentration,0.6 umol/L

