TITLE,D2_0.8uM
DATA TYPE,
ORIGIN,JASCO
OWNER,
DATE,24/03/11
TIME,14:04:42
SPECTROMETER/DATA SYSTEM,
LOCALE,1033
RESOLUTION,
DELTAX,-0.1
XUNITS,NANOMETERS
YUNITS,CD [mdeg]
Y2UNITS,HT [V]
FIRSTX,  350.0000
LASTX,  190.0000
NPOINTS,    1601
FIRSTY,     0.60901
MAXY,     1.16706
MINY,    -1.51531
XYDATA
350.0000,0.609007,472.823
349.9000,0.70352,472.248
349.8000,0.715246,471.38
349.7000,0.835317,470.502
349.6000,0.773991,469.847
349.5000,0.809177,469.255
349.4000,0.890653,468.365
349.3000,0.776106,467.727
349.2000,0.830334,467.197
349.1000,0.810908,466.359
349.0000,0.732911,465.738
348.9000,0.504368,465.185
348.8000,0.360046,464.335
348.7000,0.321164,463.488
348.6000,0.22042,462.875
348.5000,0.25882,462.336
348.4000,0.349009,461.477
348.3000,0.539517,460.84
348.2000,0.684075,460.277
348.1000,0.756735,459.435
348.0000,0.599028,458.805
347.9000,0.503081,458.251
347.8000,0.506295,457.403
347.7000,0.472783,456.54
347.6000,0.074851,455.905
347.5000,-0.205364,455.372
347.4000,-0.184659,454.563
347.3000,-0.0501679,453.957
347.2000,0.116335,453.434
347.1000,0.337382,452.683
347.0000,0.508924,452.147
346.9000,0.496708,451.689
346.8000,0.808757,450.961
346.7000,1.16706,450.225
346.6000,1.0178,449.671
346.5000,0.938018,448.959
346.4000,0.935282,448.232
346.3000,0.874489,447.657
346.2000,0.744084,446.864
346.1000,0.630264,446.054
346.0000,0.632353,445.46
345.9000,0.609384,444.941
345.8000,0.613271,444.158
345.7000,0.662976,443.571
345.6000,0.67279,443.061
345.5000,0.692695,442.313
345.4000,0.47507,441.774
345.3000,0.478364,441.332
345.2000,0.483051,440.656
345.1000,0.394346,439.97
345.0000,0.164257,439.467
344.9000,0.0337957,438.807
344.8000,0.0595384,438.134
344.7000,0.0547371,437.628
344.6000,0.118586,436.987
344.5000,0.149007,436.328
344.4000,0.0267031,435.822
344.3000,-0.114006,435.142
344.2000,0.0529496,434.459
344.1000,0.234957,433.945
344.0000,0.275901,433.301
343.9000,0.124708,432.65
343.8000,0.100761,432.168
343.7000,0.049687,431.75
343.6000,0.18648,431.089
343.5000,0.347698,430.613
343.4000,0.351777,430.212
343.3000,0.218046,429.593
343.2000,0.15241,429.132
343.1000,0.0560488,428.721
343.0000,-0.113191,428.105
342.9000,-0.188421,427.473
342.8000,-0.274024,427.016
342.7000,-0.428211,426.421
342.6000,-0.545767,425.808
342.5000,-0.488299,425.345
342.4000,-0.448056,424.742
342.3000,-0.36371,424.134
342.2000,-0.0618667,423.678
342.1000,0.183209,423.105
342.0000,0.322579,422.532
341.9000,0.394888,422.118
341.8000,0.522033,421.569
341.7000,0.354536,421.01
341.6000,0.177224,420.603
341.5000,0.0785966,420.086
341.4000,-0.13399,419.557
341.3000,-0.364586,419.156
341.2000,-0.417587,418.609
341.1000,-0.549501,418.044
341.0000,-0.665725,417.623
340.9000,-0.699567,417.072
340.8000,-0.731275,416.509
340.7000,-0.734731,416.073
340.6000,-0.627298,415.523
340.5000,-0.410056,414.972
340.4000,-0.243777,414.565
340.3000,-0.0937283,414.044
340.2000,-0.0411769,413.519
340.1000,0.0487067,413.142
340.0000,0.282676,412.667
339.9000,0.517491,412.186
339.8000,0.52991,411.827
339.7000,0.479059,411.368
339.6000,0.274013,410.896
339.5000,0.0524826,410.553
339.4000,0.0719591,410.087
339.3000,0.125223,409.595
339.2000,0.0466603,409.059
339.1000,-0.0467223,408.569
339.0000,-0.1876,408.063
338.9000,-0.250802,407.509
338.8000,-0.240433,407.006
338.7000,-0.230154,406.495
338.6000,-0.220466,405.939
338.5000,-0.224,405.452
338.4000,-0.217592,405.094
338.3000,-0.365099,404.664
338.2000,-0.466729,404.238
338.1000,-0.407504,403.938
338.0000,-0.410118,403.519
337.9000,-0.306908,403.101
337.8000,-0.27221,402.815
337.7000,-0.35628,402.436
337.6000,-0.504831,402.041
337.5000,-0.58163,401.729
337.4000,-0.54899,401.314
337.3000,-0.496689,400.879
337.2000,-0.526524,400.403
337.1000,-0.528968,399.981
337.0000,-0.599441,399.547
336.9000,-0.57923,399.082
336.8000,-0.589066,398.671
336.7000,-0.519699,398.265
336.6000,-0.424776,397.829
336.5000,-0.4129,397.441
336.4000,-0.37489,397.174
336.3000,-0.349779,396.788
336.2000,-0.297632,396.392
336.1000,-0.203164,396.101
336.0000,-0.137087,395.737
335.9000,-0.0929312,395.35
335.8000,-0.0679046,394.919
335.7000,-0.0677305,394.527
335.6000,-0.110715,394.123
335.5000,-0.127411,393.715
335.4000,-0.0820174,393.369
335.3000,-0.0462181,393.021
335.2000,-0.169986,392.638
335.1000,-0.209966,392.301
335.0000,-0.252925,392.078
334.9000,-0.304913,391.763
334.8000,-0.376476,391.436
334.7000,-0.339371,391.076
334.6000,-0.372161,390.753
334.5000,-0.398714,390.416
334.4000,-0.407063,390.031
334.3000,-0.322109,389.679
334.2000,-0.277294,389.311
334.1000,-0.168357,388.913
334.0000,-0.109012,388.56
333.9000,-0.122718,388.301
333.8000,-0.138228,387.968
333.7000,-0.265328,387.628
333.6000,-0.332805,387.257
333.5000,-0.407626,386.935
333.4000,-0.489907,386.61
333.3000,-0.588837,386.266
333.2000,-0.612455,385.968
333.1000,-0.583265,385.665
333.0000,-0.57039,385.342
332.9000,-0.477708,385.051
332.8000,-0.370039,384.716
332.7000,-0.290783,384.416
332.6000,-0.26682,384.104
332.5000,-0.273628,383.763
332.4000,-0.231587,383.465
332.3000,-0.230445,383.162
332.2000,-0.218336,382.813
332.1000,-0.265415,382.494
332.0000,-0.280852,382.161
331.9000,-0.290149,381.878
331.8000,-0.217122,381.596
331.7000,-0.109443,381.294
331.6000,-0.0936266,381.015
331.5000,-0.181628,380.606
331.4000,-0.249842,380.285
331.3000,-0.3135,380
331.2000,-0.332025,379.686
331.1000,-0.444824,379.404
331.0000,-0.498926,379.116
330.9000,-0.545282,378.809
330.8000,-0.604373,378.531
330.7000,-0.648394,378.219
330.6000,-0.578792,377.952
330.5000,-0.547521,377.687
330.4000,-0.54739,377.407
330.3000,-0.502501,377.16
330.2000,-0.548542,376.802
330.1000,-0.569648,376.511
330.0000,-0.551191,376.251
329.9000,-0.43367,375.974
329.8000,-0.416164,375.724
329.7000,-0.426548,375.37
329.6000,-0.379312,375.083
329.5000,-0.360679,374.826
329.4000,-0.231773,374.54
329.3000,-0.111869,374.285
329.2000,-0.121797,373.922
329.1000,-0.174758,373.636
329.0000,-0.2149,373.392
328.9000,-0.144924,373.14
328.8000,-0.145555,372.918
328.7000,-0.141706,372.597
328.6000,-0.165835,372.353
328.5000,-0.198094,372.146
328.4000,-0.16046,371.912
328.3000,-0.158982,371.702
328.2000,-0.0448595,371.418
328.1000,-0.0557368,371.188
328.0000,-0.122156,370.978
327.9000,-0.158802,370.704
327.8000,-0.282302,370.456
327.7000,-0.41744,370.187
327.6000,-0.474793,369.997
327.5000,-0.505353,369.848
327.4000,-0.684978,369.584
327.3000,-0.801002,369.338
327.2000,-0.817275,369.044
327.1000,-0.76988,368.843
327.0000,-0.772161,368.689
326.9000,-0.727354,368.434
326.8000,-0.762598,368.166
326.7000,-0.764168,367.855
326.6000,-0.679163,367.663
326.5000,-0.630711,367.527
326.4000,-0.623736,367.269
326.3000,-0.55167,367.021
326.2000,-0.465393,366.78
326.1000,-0.452879,366.621
326.0000,-0.415105,366.312
325.9000,-0.340899,366.028
325.8000,-0.284799,365.757
325.7000,-0.197801,365.529
325.6000,-0.112353,365.415
325.5000,-0.213167,365.143
325.4000,-0.22736,364.864
325.3000,-0.126415,364.573
325.2000,0.00220722,364.447
325.1000,-0.0518525,364.384
325.0000,-0.190113,364.132
324.9000,-0.327627,363.844
324.8000,-0.467363,363.549
324.7000,-0.495843,363.413
324.6000,-0.4802,363.356
324.5000,-0.59915,363.1
324.4000,-0.639936,362.824
324.3000,-0.537884,362.566
324.2000,-0.383163,362.441
324.1000,-0.287175,362.182
324.0000,-0.207912,361.908
323.9000,-0.0735222,361.616
323.8000,-0.00257888,361.361
323.7000,0.0727773,361.24
323.6000,0.0933494,360.982
323.5000,-0.0199185,360.691
323.4000,-0.103599,360.413
323.3000,-0.154033,360.282
323.2000,-0.21806,360.216
323.1000,-0.269494,359.976
323.0000,-0.340964,359.701
322.9000,-0.408902,359.431
322.8000,-0.422107,359.308
322.7000,-0.369271,359.065
322.6000,-0.341315,358.786
322.5000,-0.354123,358.514
322.4000,-0.319853,358.244
322.3000,-0.322472,358.087
322.2000,-0.302713,357.784
322.1000,-0.351848,357.447
322.0000,-0.38378,357.127
321.9000,-0.36312,356.95
321.8000,-0.364956,356.677
321.7000,-0.354859,356.383
321.6000,-0.333819,356.079
321.5000,-0.361924,355.821
321.4000,-0.471023,355.725
321.3000,-0.45587,355.571
321.2000,-0.458304,355.4
321.1000,-0.482634,355.229
321.0000,-0.483468,355.199
320.9000,-0.471405,355.078
320.8000,-0.452818,354.951
320.7000,-0.46128,354.816
320.6000,-0.420827,354.659
320.5000,-0.43415,354.603
320.4000,-0.421019,354.416
320.3000,-0.376605,354.208
320.2000,-0.405397,354.007
320.1000,-0.470706,353.914
320.0000,-0.584128,353.75
319.9000,-0.651472,353.571
319.8000,-0.670582,353.376
319.7000,-0.588894,353.18
319.6000,-0.517717,352.974
319.5000,-0.528847,352.83
319.4000,-0.553237,352.663
319.3000,-0.535285,352.468
319.2000,-0.508461,352.356
319.1000,-0.477017,352.167
319.0000,-0.423486,351.972
318.9000,-0.329958,351.751
318.8000,-0.381115,351.616
318.7000,-0.422678,351.404
318.6000,-0.453369,351.187
318.5000,-0.435776,350.979
318.4000,-0.445996,350.774
318.3000,-0.443677,350.569
318.2000,-0.465348,350.411
318.1000,-0.549499,350.269
318.0000,-0.615512,350.102
317.9000,-0.624441,350.024
317.8000,-0.583643,349.907
317.7000,-0.622051,349.787
317.6000,-0.635214,349.626
317.5000,-0.626785,349.524
317.4000,-0.668059,349.346
317.3000,-0.701811,349.159
317.2000,-0.721919,348.966
317.1000,-0.775157,348.778
317.0000,-0.735789,348.533
316.9000,-0.659705,348.315
316.8000,-0.589694,348.118
316.7000,-0.611336,347.926
316.6000,-0.522202,347.744
316.5000,-0.393651,347.596
316.4000,-0.304742,347.438
316.3000,-0.275337,347.279
316.2000,-0.29798,347.124
316.1000,-0.438525,347.008
316.0000,-0.556742,346.896
315.9000,-0.579826,346.748
315.8000,-0.608206,346.647
315.7000,-0.6669,346.478
315.6000,-0.777531,346.328
315.5000,-0.799882,346.153
315.4000,-0.837919,346.037
315.3000,-0.834239,345.839
315.2000,-0.820858,345.633
315.1000,-0.824193,345.44
315.0000,-0.840085,345.254
314.9000,-0.791384,345.083
314.8000,-0.733741,344.94
314.7000,-0.702831,344.791
314.6000,-0.642715,344.648
314.5000,-0.613796,344.507
314.4000,-0.568029,344.405
314.3000,-0.620793,344.277
314.2000,-0.636473,344.153
314.1000,-0.687363,343.994
314.0000,-0.71153,343.854
313.9000,-0.717583,343.696
313.8000,-0.765196,343.54
313.7000,-0.795615,343.33
313.6000,-0.783658,343.142
313.5000,-0.736014,342.966
313.4000,-0.66002,342.797
313.3000,-0.51198,342.642
313.2000,-0.478558,342.503
313.1000,-0.46928,342.351
313.0000,-0.424264,342.21
312.9000,-0.32952,342.088
312.8000,-0.281923,342
312.7000,-0.256302,341.879
312.6000,-0.28717,341.757
312.5000,-0.34544,341.597
312.4000,-0.369464,341.447
312.3000,-0.399251,341.274
312.2000,-0.366806,341.11
312.1000,-0.32559,340.892
312.0000,-0.395943,340.682
311.9000,-0.42151,340.486
311.8000,-0.371632,340.272
311.7000,-0.315424,340.102
311.6000,-0.297176,339.91
311.5000,-0.316126,339.757
311.4000,-0.366703,339.58
311.3000,-0.439078,339.471
311.2000,-0.419438,339.36
311.1000,-0.376631,339.271
311.0000,-0.407029,339.168
310.9000,-0.412239,339.08
310.8000,-0.491593,338.975
310.7000,-0.518119,338.889
310.6000,-0.493728,338.766
310.5000,-0.484646,338.653
310.4000,-0.56645,338.542
310.3000,-0.627681,338.443
310.2000,-0.641465,338.354
310.1000,-0.630629,338.278
310.0000,-0.669019,338.188
309.9000,-0.665525,338.113
309.8000,-0.638747,338.055
309.7000,-0.622536,337.961
309.6000,-0.641265,337.886
309.5000,-0.625952,337.783
309.4000,-0.612877,337.695
309.3000,-0.657971,337.545
309.2000,-0.657181,337.43
309.1000,-0.685621,337.275
309.0000,-0.743603,337.137
308.9000,-0.761044,337.011
308.8000,-0.751233,336.902
308.7000,-0.68925,336.805
308.6000,-0.609948,336.718
308.5000,-0.475599,336.62
308.4000,-0.388966,336.52
308.3000,-0.334508,336.457
308.2000,-0.288443,336.341
308.1000,-0.250818,336.255
308.0000,-0.174365,336.166
307.9000,-0.162145,336.084
307.8000,-0.254887,335.928
307.7000,-0.417519,335.811
307.6000,-0.496647,335.695
307.5000,-0.581022,335.528
307.4000,-0.632611,335.408
307.3000,-0.67145,335.307
307.2000,-0.7535,335.216
307.1000,-0.778597,335.064
307.0000,-0.815098,334.964
306.9000,-0.794536,334.89
306.8000,-0.756089,334.838
306.7000,-0.719313,334.764
306.6000,-0.682983,334.682
306.5000,-0.688218,334.603
306.4000,-0.7132,334.461
306.3000,-0.770405,334.363
306.2000,-0.73028,334.259
306.1000,-0.644029,334.157
306.0000,-0.601446,334.003
305.9000,-0.623852,333.897
305.8000,-0.639739,333.824
305.7000,-0.664612,333.701
305.6000,-0.644411,333.621
305.5000,-0.630369,333.559
305.4000,-0.696845,333.515
305.3000,-0.805983,333.413
305.2000,-0.878486,333.344
305.1000,-0.882623,333.278
305.0000,-0.882196,333.152
304.9000,-0.844514,333.07
304.8000,-0.78619,332.979
304.7000,-0.806876,332.891
304.6000,-0.78348,332.762
304.5000,-0.717255,332.67
304.4000,-0.709634,332.6
304.3000,-0.723933,332.486
304.2000,-0.719815,332.422
304.1000,-0.730334,332.372
304.0000,-0.70628,332.342
303.9000,-0.644434,332.26
303.8000,-0.621315,332.189
303.7000,-0.649331,332.14
303.6000,-0.642703,332.034
303.5000,-0.605013,331.967
303.4000,-0.580732,331.889
303.3000,-0.541608,331.783
303.2000,-0.569201,331.676
303.1000,-0.57587,331.6
303.0000,-0.522949,331.56
302.9000,-0.486101,331.47
302.8000,-0.407109,331.408
302.7000,-0.388743,331.362
302.6000,-0.381844,331.279
302.5000,-0.423241,331.228
302.4000,-0.417551,331.175
302.3000,-0.428988,331.077
302.2000,-0.433221,330.981
302.1000,-0.435209,330.895
302.0000,-0.455262,330.838
301.9000,-0.48511,330.751
301.8000,-0.504444,330.686
301.7000,-0.455585,330.643
301.6000,-0.433944,330.56
301.5000,-0.418016,330.515
301.4000,-0.463132,330.47
301.3000,-0.53324,330.395
301.2000,-0.56829,330.327
301.1000,-0.556267,330.267
301.0000,-0.516082,330.232
300.9000,-0.564459,330.154
300.8000,-0.620054,330.075
300.7000,-0.700587,330.015
300.6000,-0.742276,329.937
300.5000,-0.637645,329.88
300.4000,-0.581763,329.84
300.3000,-0.60543,329.767
300.2000,-0.699144,329.694
300.1000,-0.793233,329.632
300.0000,-0.871519,329.569
299.9000,-0.939451,329.515
299.8000,-0.926329,329.462
299.7000,-0.955353,329.396
299.6000,-1.0191,329.335
299.5000,-1.05505,329.272
299.4000,-1.06399,329.224
299.3000,-1.02987,329.16
299.2000,-1.0286,329.11
299.1000,-0.945101,329.074
299.0000,-0.966237,329.01
298.9000,-0.9835,328.958
298.8000,-0.995218,328.917
298.7000,-0.98377,328.863
298.6000,-1.01121,328.815
298.5000,-1.07949,328.763
298.4000,-1.04704,328.706
298.3000,-1.04359,328.654
298.2000,-0.975663,328.603
298.1000,-0.935583,328.551
298.0000,-0.910613,328.503
297.9000,-0.878977,328.461
297.8000,-0.823708,328.396
297.7000,-0.765786,328.347
297.6000,-0.765461,328.307
297.5000,-0.841157,328.241
297.4000,-0.890871,328.196
297.3000,-0.887019,328.155
297.2000,-0.847091,328.093
297.1000,-0.883348,328.042
297.0000,-0.90936,327.995
296.9000,-0.925775,327.932
296.8000,-0.888411,327.882
296.7000,-0.802095,327.843
296.6000,-0.748588,327.811
296.5000,-0.732457,327.768
296.4000,-0.778887,327.731
296.3000,-0.777114,327.705
296.2000,-0.717582,327.673
296.1000,-0.68369,327.641
296.0000,-0.717795,327.616
295.9000,-0.706563,327.582
295.8000,-0.703559,327.528
295.7000,-0.712389,327.491
295.6000,-0.706666,327.457
295.5000,-0.755365,327.401
295.4000,-0.820147,327.337
295.3000,-0.902479,327.303
295.2000,-0.868243,327.253
295.1000,-0.923819,327.193
295.0000,-0.905684,327.164
294.9000,-0.869439,327.117
294.8000,-0.904054,327.057
294.7000,-0.884555,327.025
294.6000,-0.777372,326.995
294.5000,-0.71235,326.944
294.4000,-0.707066,326.908
294.3000,-0.645312,326.876
294.2000,-0.622485,326.829
294.1000,-0.62253,326.797
294.0000,-0.606451,326.771
293.9000,-0.617387,326.726
293.8000,-0.702675,326.695
293.7000,-0.712372,326.669
293.6000,-0.684106,326.625
293.5000,-0.647493,326.572
293.4000,-0.65599,326.54
293.3000,-0.688976,326.49
293.2000,-0.665293,326.436
293.1000,-0.62234,326.407
293.0000,-0.576342,326.362
292.9000,-0.639365,326.307
292.8000,-0.74722,326.277
292.7000,-0.828804,326.252
292.6000,-0.903124,326.209
292.5000,-0.935911,326.159
292.4000,-0.973108,326.135
292.3000,-1.04304,326.089
292.2000,-1.09663,326.037
292.1000,-1.09273,326.01
292.0000,-0.996517,325.969
291.9000,-0.901094,325.918
291.8000,-0.832871,325.868
291.7000,-0.831302,325.842
291.6000,-0.824336,325.798
291.5000,-0.800283,325.747
291.4000,-0.767289,325.718
291.3000,-0.716877,325.672
291.2000,-0.715083,325.608
291.1000,-0.732033,325.541
291.0000,-0.75521,325.493
290.9000,-0.750255,325.415
290.8000,-0.716828,325.32
290.7000,-0.686241,325.215
290.6000,-0.664984,325.105
290.5000,-0.711093,324.974
290.4000,-0.716938,324.839
290.3000,-0.740422,324.726
290.2000,-0.681898,324.599
290.1000,-0.63371,324.472
290.0000,-0.64254,324.361
289.9000,-0.698437,324.294
289.8000,-0.731748,324.239
289.7000,-0.762164,324.207
289.6000,-0.800487,324.214
289.5000,-0.828077,324.252
289.4000,-0.882702,324.307
289.3000,-0.9628,324.384
289.2000,-0.972314,324.48
289.1000,-0.892001,324.591
289.0000,-0.853531,324.687
288.9000,-0.800688,324.78
288.8000,-0.717932,324.855
288.7000,-0.707254,324.918
288.6000,-0.717097,324.958
288.5000,-0.711364,324.985
288.4000,-0.721238,324.994
288.3000,-0.800742,324.996
288.2000,-0.814695,324.993
288.1000,-0.804273,324.981
288.0000,-0.793561,324.964
287.9000,-0.836283,324.931
287.8000,-0.818779,324.913
287.7000,-0.833467,324.891
287.6000,-0.841177,324.864
287.5000,-0.880226,324.825
287.4000,-0.934499,324.79
287.3000,-0.973128,324.756
287.2000,-1.03572,324.724
287.1000,-1.09142,324.694
287.0000,-1.08221,324.65
286.9000,-1.04075,324.624
286.8000,-0.975005,324.611
286.7000,-0.867878,324.602
286.6000,-0.825688,324.574
286.5000,-0.809943,324.562
286.4000,-0.824401,324.558
286.3000,-0.795064,324.556
286.2000,-0.730468,324.558
286.1000,-0.762734,324.543
286.0000,-0.80731,324.537
285.9000,-0.864082,324.528
285.8000,-0.88446,324.523
285.7000,-0.946223,324.504
285.6000,-0.993864,324.477
285.5000,-1.02623,324.471
285.4000,-1.06474,324.469
285.3000,-1.12665,324.464
285.2000,-1.15433,324.445
285.1000,-1.18507,324.424
285.0000,-1.18295,324.426
284.9000,-1.08746,324.427
284.8000,-1.00029,324.432
284.7000,-0.922405,324.418
284.6000,-0.88409,324.399
284.5000,-0.805604,324.404
284.4000,-0.765012,324.411
284.3000,-0.748369,324.419
284.2000,-0.759173,324.409
284.1000,-0.798672,324.396
284.0000,-0.78612,324.381
283.9000,-0.780465,324.387
283.8000,-0.79302,324.397
283.7000,-0.822025,324.392
283.6000,-0.808896,324.384
283.5000,-0.81642,324.378
283.4000,-0.838409,324.375
283.3000,-0.878012,324.391
283.2000,-0.878245,324.412
283.1000,-0.875727,324.419
283.0000,-0.909746,324.414
282.9000,-0.942735,324.41
282.8000,-0.967214,324.407
282.7000,-0.963621,324.419
282.6000,-0.895847,324.435
282.5000,-0.816472,324.436
282.4000,-0.802706,324.427
282.3000,-0.870723,324.416
282.2000,-0.896758,324.41
282.1000,-0.873642,324.426
282.0000,-0.876731,324.436
281.9000,-0.857226,324.436
281.8000,-0.87646,324.429
281.7000,-0.912905,324.422
281.6000,-0.958097,324.42
281.5000,-0.968372,324.419
281.4000,-0.94618,324.439
281.3000,-0.926593,324.445
281.2000,-0.935593,324.447
281.1000,-0.933605,324.447
281.0000,-0.900913,324.45
280.9000,-0.903873,324.452
280.8000,-0.880759,324.45
280.7000,-0.83835,324.454
280.6000,-0.807445,324.459
280.5000,-0.851378,324.452
280.4000,-0.86629,324.443
280.3000,-0.852335,324.433
280.2000,-0.829116,324.42
280.1000,-0.83589,324.41
280.0000,-0.819267,324.401
279.9000,-0.871007,324.385
279.8000,-0.89546,324.356
279.7000,-0.841304,324.346
279.6000,-0.830668,324.336
279.5000,-0.901751,324.329
279.4000,-0.965347,324.324
279.3000,-0.993555,324.316
279.2000,-1.01724,324.312
279.1000,-0.9989,324.315
279.0000,-1.00144,324.32
278.9000,-1.03861,324.315
278.8000,-1.04596,324.323
278.7000,-1.01639,324.333
278.6000,-0.961338,324.344
278.5000,-1.0078,324.357
278.4000,-1.03234,324.367
278.3000,-1.05454,324.38
278.2000,-1.00094,324.394
278.1000,-0.971603,324.405
278.0000,-0.977271,324.403
277.9000,-0.96591,324.4
277.8000,-1.00094,324.396
277.7000,-0.939332,324.394
277.6000,-0.87721,324.408
277.5000,-0.803625,324.421
277.4000,-0.778552,324.435
277.3000,-0.82264,324.449
277.2000,-0.793024,324.463
277.1000,-0.767788,324.477
277.0000,-0.743473,324.492
276.9000,-0.741719,324.51
276.8000,-0.72284,324.515
276.7000,-0.707971,324.514
276.6000,-0.723119,324.51
276.5000,-0.724023,324.51
276.4000,-0.704644,324.512
276.3000,-0.686682,324.519
276.2000,-0.654114,324.523
276.1000,-0.645772,324.527
276.0000,-0.694285,324.547
275.9000,-0.734087,324.569
275.8000,-0.740553,324.59
275.7000,-0.709855,324.609
275.6000,-0.683208,324.631
275.5000,-0.659886,324.651
275.4000,-0.642689,324.673
275.3000,-0.574668,324.698
275.2000,-0.510159,324.71
275.1000,-0.436774,324.717
275.0000,-0.357951,324.726
274.9000,-0.347476,324.734
274.8000,-0.315005,324.74
274.7000,-0.324739,324.746
274.6000,-0.373924,324.752
274.5000,-0.372204,324.761
274.4000,-0.351889,324.769
274.3000,-0.381562,324.777
274.2000,-0.414897,324.785
274.1000,-0.491329,324.797
274.0000,-0.523014,324.809
273.9000,-0.527821,324.82
273.8000,-0.522936,324.832
273.7000,-0.51589,324.843
273.6000,-0.541638,324.849
273.5000,-0.510788,324.858
273.4000,-0.505421,324.865
273.3000,-0.490893,324.875
273.2000,-0.473916,324.882
273.1000,-0.475209,324.89
273.0000,-0.503421,324.901
272.9000,-0.494389,324.913
272.8000,-0.572309,324.922
272.7000,-0.676423,324.93
272.6000,-0.737198,324.94
272.5000,-0.740483,324.957
272.4000,-0.757642,324.969
272.3000,-0.737446,324.983
272.2000,-0.7324,324.996
272.1000,-0.775616,325.004
272.0000,-0.766258,325.015
271.9000,-0.699991,325.036
271.8000,-0.631717,325.054
271.7000,-0.601825,325.072
271.6000,-0.570308,325.09
271.5000,-0.553146,325.11
271.4000,-0.551864,325.129
271.3000,-0.509027,325.155
271.2000,-0.464414,325.181
271.1000,-0.42049,325.205
271.0000,-0.401163,325.222
270.9000,-0.385189,325.218
270.8000,-0.370294,325.214
270.7000,-0.38237,325.206
270.6000,-0.372732,325.197
270.5000,-0.362525,325.182
270.4000,-0.365595,325.167
270.3000,-0.353127,325.149
270.2000,-0.327669,325.137
270.1000,-0.357475,325.138
270.0000,-0.405772,325.145
269.9000,-0.395316,325.156
269.8000,-0.386963,325.169
269.7000,-0.39079,325.185
269.6000,-0.391448,325.201
269.5000,-0.417118,325.22
269.4000,-0.456306,325.227
269.3000,-0.45464,325.235
269.2000,-0.42824,325.249
269.1000,-0.448682,325.264
269.0000,-0.502655,325.28
268.9000,-0.546243,325.296
268.8000,-0.591664,325.314
268.7000,-0.592214,325.342
268.6000,-0.620753,325.377
268.5000,-0.657451,325.417
268.4000,-0.699527,325.458
268.3000,-0.683358,325.489
268.2000,-0.655019,325.524
268.1000,-0.640005,325.555
268.0000,-0.630127,325.593
267.9000,-0.635056,325.625
267.8000,-0.644279,325.658
267.7000,-0.623087,325.694
267.6000,-0.58276,325.734
267.5000,-0.531866,325.78
267.4000,-0.540356,325.815
267.3000,-0.463233,325.862
267.2000,-0.42413,325.905
267.1000,-0.3691,325.956
267.0000,-0.281225,326.011
266.9000,-0.238053,326.067
266.8000,-0.229865,326.116
266.7000,-0.291714,326.151
266.6000,-0.332508,326.202
266.5000,-0.394322,326.252
266.4000,-0.432701,326.312
266.3000,-0.479033,326.366
266.2000,-0.54739,326.413
266.1000,-0.568905,326.466
266.0000,-0.593835,326.503
265.9000,-0.586918,326.553
265.8000,-0.572085,326.602
265.7000,-0.57344,326.654
265.6000,-0.578972,326.705
265.5000,-0.538756,326.754
265.4000,-0.564673,326.796
265.3000,-0.575306,326.833
265.2000,-0.537291,326.887
265.1000,-0.541705,326.949
265.0000,-0.554906,327.012
264.9000,-0.597003,327.078
264.8000,-0.595035,327.123
264.7000,-0.57433,327.172
264.6000,-0.576252,327.228
264.5000,-0.590783,327.294
264.4000,-0.662666,327.357
264.3000,-0.704452,327.406
264.2000,-0.731774,327.457
264.1000,-0.708491,327.513
264.0000,-0.786492,327.58
263.9000,-0.857118,327.655
263.8000,-0.856601,327.717
263.7000,-0.843487,327.772
263.6000,-0.86219,327.83
263.5000,-0.880449,327.897
263.4000,-0.896613,327.975
263.3000,-0.957679,328.031
263.2000,-0.910183,328.092
263.1000,-0.833569,328.155
263.0000,-0.775121,328.225
262.9000,-0.703843,328.293
262.8000,-0.617131,328.36
262.7000,-0.598878,328.426
262.6000,-0.513122,328.488
262.5000,-0.461968,328.558
262.4000,-0.432222,328.622
262.3000,-0.420373,328.69
262.2000,-0.474675,328.758
262.1000,-0.529386,328.837
262.0000,-0.555248,328.899
261.9000,-0.602541,328.966
261.8000,-0.629677,329.039
261.7000,-0.576414,329.109
261.6000,-0.524628,329.186
261.5000,-0.538547,329.26
261.4000,-0.589421,329.324
261.3000,-0.597198,329.376
261.2000,-0.629714,329.445
261.1000,-0.626775,329.526
261.0000,-0.628239,329.607
260.9000,-0.699309,329.675
260.8000,-0.745156,329.747
260.7000,-0.766969,329.822
260.6000,-0.729901,329.901
260.5000,-0.698975,329.99
260.4000,-0.73463,330.082
260.3000,-0.730912,330.171
260.2000,-0.76044,330.242
260.1000,-0.707414,330.325
260.0000,-0.659977,330.412
259.9000,-0.646245,330.487
259.8000,-0.651715,330.573
259.7000,-0.646916,330.658
259.6000,-0.621765,330.728
259.5000,-0.586528,330.798
259.4000,-0.527424,330.871
259.3000,-0.47956,330.936
259.2000,-0.463362,331.006
259.1000,-0.410281,331.089
259.0000,-0.350924,331.157
258.9000,-0.325725,331.221
258.8000,-0.276398,331.3
258.7000,-0.227209,331.37
258.6000,-0.234734,331.444
258.5000,-0.187532,331.535
258.4000,-0.147749,331.613
258.3000,-0.184002,331.685
258.2000,-0.221051,331.776
258.1000,-0.204752,331.867
258.0000,-0.231445,331.953
257.9000,-0.304627,332.045
257.8000,-0.358724,332.131
257.7000,-0.473916,332.207
257.6000,-0.646642,332.295
257.5000,-0.756715,332.376
257.4000,-0.809568,332.451
257.3000,-0.890883,332.526
257.2000,-0.939261,332.614
257.1000,-0.940738,332.701
257.0000,-0.913689,332.786
256.9000,-0.865146,332.875
256.8000,-0.777066,332.954
256.7000,-0.770434,333.046
256.6000,-0.756235,333.144
256.5000,-0.702213,333.228
256.4000,-0.619703,333.305
256.3000,-0.554773,333.374
256.2000,-0.508875,333.453
256.1000,-0.471897,333.539
256.0000,-0.414648,333.628
255.9000,-0.260638,333.722
255.8000,-0.1599,333.798
255.7000,-0.163816,333.881
255.6000,-0.229646,333.972
255.5000,-0.294124,334.059
255.4000,-0.292568,334.149
255.3000,-0.349036,334.23
255.2000,-0.420507,334.314
255.1000,-0.535324,334.388
255.0000,-0.647478,334.469
254.9000,-0.635714,334.544
254.8000,-0.546032,334.618
254.7000,-0.554998,334.696
254.6000,-0.620315,334.772
254.5000,-0.671774,334.85
254.4000,-0.610617,334.925
254.3000,-0.528653,335.005
254.2000,-0.455908,335.082
254.1000,-0.423609,335.172
254.0000,-0.450511,335.258
253.9000,-0.475861,335.354
253.8000,-0.475054,335.441
253.7000,-0.476339,335.538
253.6000,-0.474715,335.632
253.5000,-0.552565,335.728
253.4000,-0.657711,335.817
253.3000,-0.696383,335.911
253.2000,-0.68281,336.007
253.1000,-0.690846,336.098
253.0000,-0.667833,336.178
252.9000,-0.628239,336.257
252.8000,-0.618916,336.331
252.7000,-0.638472,336.411
252.6000,-0.599444,336.49
252.5000,-0.575212,336.577
252.4000,-0.598357,336.656
252.3000,-0.60775,336.734
252.2000,-0.647007,336.812
252.1000,-0.688251,336.902
252.0000,-0.704295,336.992
251.9000,-0.673702,337.075
251.8000,-0.689652,337.16
251.7000,-0.712393,337.233
251.6000,-0.786319,337.305
251.5000,-0.774565,337.379
251.4000,-0.758106,337.468
251.3000,-0.649065,337.552
251.2000,-0.557651,337.63
251.1000,-0.522837,337.717
251.0000,-0.418182,337.798
250.9000,-0.372981,337.888
250.8000,-0.328056,337.982
250.7000,-0.251835,338.083
250.6000,-0.260132,338.174
250.5000,-0.274531,338.26
250.4000,-0.300101,338.362
250.3000,-0.311733,338.456
250.2000,-0.358279,338.553
250.1000,-0.397959,338.64
250.0000,-0.358526,338.724
249.9000,-0.385441,338.814
249.8000,-0.3921,338.9
249.7000,-0.447575,338.991
249.6000,-0.487016,339.07
249.5000,-0.508833,339.149
249.4000,-0.575896,339.237
249.3000,-0.633533,339.328
249.2000,-0.664945,339.427
249.1000,-0.688756,339.532
249.0000,-0.710161,339.631
248.9000,-0.637145,339.732
248.8000,-0.557589,339.846
248.7000,-0.571164,339.957
248.6000,-0.561131,340.062
248.5000,-0.49146,340.175
248.4000,-0.435737,340.282
248.3000,-0.426681,340.377
248.2000,-0.440353,340.477
248.1000,-0.499855,340.569
248.0000,-0.567093,340.65
247.9000,-0.536435,340.742
247.8000,-0.479418,340.838
247.7000,-0.452587,340.932
247.6000,-0.410628,341.036
247.5000,-0.443533,341.136
247.4000,-0.458669,341.223
247.3000,-0.496916,341.313
247.2000,-0.531408,341.414
247.1000,-0.601537,341.506
247.0000,-0.659209,341.595
246.9000,-0.752742,341.679
246.8000,-0.83056,341.752
246.7000,-0.888316,341.824
246.6000,-0.925536,341.905
246.5000,-0.951715,341.995
246.4000,-0.944842,342.076
246.3000,-0.893448,342.159
246.2000,-0.865052,342.248
246.1000,-0.827463,342.359
246.0000,-0.795321,342.479
245.9000,-0.739865,342.599
245.8000,-0.636806,342.717
245.7000,-0.510273,342.837
245.6000,-0.449957,342.958
245.5000,-0.441062,343.082
245.4000,-0.511602,343.204
245.3000,-0.586251,343.317
245.2000,-0.590175,343.429
245.1000,-0.581583,343.539
245.0000,-0.588167,343.654
244.9000,-0.680967,343.772
244.8000,-0.683094,343.895
244.7000,-0.67259,344.024
244.6000,-0.589232,344.149
244.5000,-0.425611,344.277
244.4000,-0.387244,344.394
244.3000,-0.406586,344.511
244.2000,-0.485543,344.63
244.1000,-0.421412,344.764
244.0000,-0.434237,344.901
243.9000,-0.525083,345.035
243.8000,-0.539616,345.169
243.7000,-0.613884,345.305
243.6000,-0.633837,345.441
243.5000,-0.577336,345.584
243.4000,-0.477229,345.732
243.3000,-0.431237,345.875
243.2000,-0.371686,346.009
243.1000,-0.230685,346.141
243.0000,-0.157232,346.27
242.9000,-0.105731,346.402
242.8000,-0.0341906,346.538
242.7000,-0.00976725,346.683
242.6000,-0.038124,346.823
242.5000,-0.0751783,346.955
242.4000,-0.153641,347.092
242.3000,-0.224278,347.231
242.2000,-0.307076,347.374
242.1000,-0.332409,347.524
242.0000,-0.40218,347.673
241.9000,-0.441234,347.82
241.8000,-0.453888,347.969
241.7000,-0.463876,348.127
241.6000,-0.460241,348.283
241.5000,-0.465058,348.443
241.4000,-0.454019,348.602
241.3000,-0.473343,348.762
241.2000,-0.525185,348.922
241.1000,-0.551527,349.083
241.0000,-0.49951,349.246
240.9000,-0.387886,349.413
240.8000,-0.287734,349.585
240.7000,-0.273871,349.757
240.6000,-0.234055,349.928
240.5000,-0.189211,350.103
240.4000,-0.10349,350.283
240.3000,-0.0436605,350.466
240.2000,-0.103761,350.645
240.1000,-0.203047,350.826
240.0000,-0.388371,351
239.9000,-0.442152,351.178
239.8000,-0.481825,351.362
239.7000,-0.526879,351.553
239.6000,-0.546399,351.748
239.5000,-0.534604,351.952
239.4000,-0.492686,352.153
239.3000,-0.519799,352.347
239.2000,-0.452454,352.551
239.1000,-0.403218,352.761
239.0000,-0.411304,352.966
238.9000,-0.303357,353.171
238.8000,-0.301724,353.37
238.7000,-0.419732,353.56
238.6000,-0.466127,353.749
238.5000,-0.451493,353.946
238.4000,-0.463065,354.142
238.3000,-0.550738,354.338
238.2000,-0.625198,354.538
238.1000,-0.785029,354.745
238.0000,-0.883285,354.959
237.9000,-0.801051,355.179
237.8000,-0.695085,355.404
237.7000,-0.664457,355.632
237.6000,-0.650069,355.862
237.5000,-0.618905,356.092
237.4000,-0.586255,356.323
237.3000,-0.432122,356.559
237.2000,-0.329328,356.791
237.1000,-0.269403,357.013
237.0000,-0.364829,357.237
236.9000,-0.436326,357.469
236.8000,-0.487278,357.706
236.7000,-0.526053,357.94
236.6000,-0.51177,358.164
236.5000,-0.465383,358.389
236.4000,-0.500474,358.613
236.3000,-0.514726,358.845
236.2000,-0.535814,359.083
236.1000,-0.515326,359.309
236.0000,-0.4966,359.53
235.9000,-0.430586,359.751
235.8000,-0.3876,359.986
235.7000,-0.404313,360.218
235.6000,-0.393808,360.447
235.5000,-0.361048,360.674
235.4000,-0.379791,360.902
235.3000,-0.362952,361.132
235.2000,-0.35525,361.373
235.1000,-0.310337,361.625
235.0000,-0.229532,361.88
234.9000,-0.15154,362.125
234.8000,-0.0780079,362.373
234.7000,-0.0921526,362.623
234.6000,-0.0797939,362.865
234.5000,-0.0844741,363.114
234.4000,-0.0870201,363.365
234.3000,-0.115302,363.607
234.2000,-0.176015,363.842
234.1000,-0.232564,364.088
234.0000,-0.304439,364.336
233.9000,-0.381002,364.585
233.8000,-0.437989,364.844
233.7000,-0.516416,365.106
233.6000,-0.558974,365.37
233.5000,-0.517005,365.634
233.4000,-0.493953,365.891
233.3000,-0.494635,366.151
233.2000,-0.51208,366.417
233.1000,-0.507233,366.679
233.0000,-0.448787,366.945
232.9000,-0.240998,367.211
232.8000,-0.210609,367.468
232.7000,-0.330358,367.722
232.6000,-0.526318,367.976
232.5000,-0.624238,368.236
232.4000,-0.626532,368.49
232.3000,-0.629709,368.747
232.2000,-0.668185,368.994
232.1000,-0.808716,369.24
232.0000,-0.911126,369.486
231.9000,-0.817422,369.742
231.8000,-0.702451,369.994
231.7000,-0.616071,370.251
231.6000,-0.537156,370.512
231.5000,-0.508441,370.768
231.4000,-0.550887,371.027
231.3000,-0.610775,371.284
231.2000,-0.599921,371.551
231.1000,-0.636333,371.81
231.0000,-0.620537,372.071
230.9000,-0.577777,372.335
230.8000,-0.578763,372.591
230.7000,-0.631071,372.853
230.6000,-0.621726,373.116
230.5000,-0.590248,373.385
230.4000,-0.588827,373.648
230.3000,-0.609322,373.916
230.2000,-0.617219,374.184
230.1000,-0.720815,374.451
230.0000,-0.781927,374.718
229.9000,-0.788274,374.976
229.8000,-0.782798,375.239
229.7000,-0.789201,375.491
229.6000,-0.702175,375.742
229.5000,-0.596371,375.983
229.4000,-0.501085,376.218
229.3000,-0.468659,376.449
229.2000,-0.434498,376.674
229.1000,-0.379639,376.896
229.0000,-0.363552,377.119
228.9000,-0.374842,377.344
228.8000,-0.368322,377.574
228.7000,-0.339265,377.815
228.6000,-0.334669,378.058
228.5000,-0.416107,378.305
228.4000,-0.419826,378.572
228.3000,-0.429287,378.85
228.2000,-0.441524,379.128
228.1000,-0.403345,379.414
228.0000,-0.399937,379.699
227.9000,-0.604374,379.972
227.8000,-0.800607,380.244
227.7000,-0.778869,380.533
227.6000,-0.703103,380.811
227.5000,-0.618408,381.079
227.4000,-0.586592,381.345
227.3000,-0.515277,381.618
227.2000,-0.470111,381.887
227.1000,-0.4467,382.154
227.0000,-0.301591,382.424
226.9000,-0.282966,382.68
226.8000,-0.335825,382.935
226.7000,-0.418412,383.188
226.6000,-0.575898,383.434
226.5000,-0.711308,383.669
226.4000,-0.845631,383.896
226.3000,-0.806806,384.13
226.2000,-0.620143,384.376
226.1000,-0.618817,384.617
226.0000,-0.680854,384.852
225.9000,-0.70064,385.085
225.8000,-0.676818,385.321
225.7000,-0.689127,385.555
225.6000,-0.675856,385.794
225.5000,-0.818688,386.026
225.4000,-1.00154,386.252
225.3000,-1.06219,386.486
225.2000,-0.893568,386.727
225.1000,-0.876786,386.967
225.0000,-0.854312,387.205
224.9000,-0.742208,387.448
224.8000,-0.602384,387.687
224.7000,-0.361867,387.926
224.6000,-0.287735,388.161
224.5000,-0.292954,388.387
224.4000,-0.344547,388.609
224.3000,-0.176862,388.837
224.2000,-0.0246959,389.062
224.1000,0.0196747,389.286
224.0000,-0.0522296,389.512
223.9000,-0.195345,389.736
223.8000,-0.246595,389.963
223.7000,-0.236835,390.194
223.6000,-0.217408,390.423
223.5000,-0.317692,390.647
223.4000,-0.432793,390.869
223.3000,-0.4681,391.085
223.2000,-0.477328,391.298
223.1000,-0.438149,391.509
223.0000,-0.388319,391.72
222.9000,-0.413234,391.922
222.8000,-0.4015,392.127
222.7000,-0.313663,392.334
222.6000,-0.214634,392.543
222.5000,-0.121048,392.757
222.4000,-0.0146275,392.968
222.3000,0.0744026,393.18
222.2000,0.117551,393.392
222.1000,0.087379,393.599
222.0000,0.151608,393.809
221.9000,0.0613112,394.004
221.8000,-0.0555751,394.194
221.7000,-0.138959,394.386
221.6000,-0.257364,394.58
221.5000,-0.331858,394.777
221.4000,-0.256285,394.972
221.3000,-0.0989632,395.171
221.2000,0.0282841,395.365
221.1000,0.155639,395.562
221.0000,0.234318,395.755
220.9000,0.242719,395.946
220.8000,0.211465,396.135
220.7000,0.155917,396.316
220.6000,0.0697309,396.495
220.5000,-0.0942969,396.675
220.4000,-0.233945,396.85
220.3000,-0.27194,397.03
220.2000,-0.315693,397.214
220.1000,-0.335247,397.391
220.0000,-0.403505,397.568
219.9000,-0.40551,397.751
219.8000,-0.402368,397.929
219.7000,-0.430503,398.106
219.6000,-0.397743,398.283
219.5000,-0.404267,398.463
219.4000,-0.314131,398.641
219.3000,-0.196987,398.821
219.2000,-0.0958371,399
219.1000,-0.0556097,399.173
219.0000,-0.135718,399.348
218.9000,-0.202352,399.518
218.8000,-0.198389,399.692
218.7000,-0.394657,399.853
218.6000,-0.52738,400.017
218.5000,-0.662241,400.178
218.4000,-0.792254,400.343
218.3000,-0.787201,400.508
218.2000,-0.768487,400.674
218.1000,-0.714194,400.841
218.0000,-0.75553,401.005
217.9000,-0.733872,401.171
217.8000,-0.610129,401.334
217.7000,-0.605041,401.499
217.6000,-0.500331,401.663
217.5000,-0.379075,401.83
217.4000,-0.364486,401.99
217.3000,-0.322194,402.148
217.2000,-0.16875,402.312
217.1000,-0.0131475,402.477
217.0000,0.0141333,402.634
216.9000,-0.00197474,402.79
216.8000,0.0185373,402.943
216.7000,-0.0675415,403.09
216.6000,-0.119807,403.242
216.5000,0.0203485,403.399
216.4000,0.102397,403.551
216.3000,0.0511664,403.694
216.2000,0.0899605,403.848
216.1000,0.17565,404.003
216.0000,0.143467,404.155
215.9000,0.0992973,404.303
215.8000,0.117631,404.451
215.7000,-0.00858202,404.599
215.6000,-0.086477,404.75
215.5000,-0.0333518,404.907
215.4000,-0.049053,405.06
215.3000,-0.188157,405.204
215.2000,-0.15853,405.354
215.1000,0.0102472,405.514
215.0000,0.0783596,405.674
214.9000,0.199717,405.83
214.8000,0.142184,405.976
214.7000,0.107338,406.122
214.6000,0.132563,406.268
214.5000,0.255579,406.42
214.4000,0.243927,406.567
214.3000,0.110927,406.711
214.2000,0.0499977,406.854
214.1000,-0.146866,406.994
214.0000,-0.0830973,407.146
213.9000,-0.122243,407.297
213.8000,-0.288143,407.446
213.7000,-0.521306,407.594
213.6000,-0.719616,407.746
213.5000,-0.730335,407.904
213.4000,-0.650385,408.064
213.3000,-0.406612,408.233
213.2000,-0.189595,408.401
213.1000,-0.0898281,408.568
213.0000,0.039239,408.736
212.9000,0.290865,408.911
212.8000,0.541771,409.079
212.7000,0.671905,409.246
212.6000,0.643542,409.412
212.5000,0.469672,409.574
212.4000,0.24495,409.738
212.3000,0.0669826,409.898
212.2000,-0.159563,410.06
212.1000,-0.199541,410.229
212.0000,-0.0925333,410.409
211.9000,-0.268309,410.585
211.8000,-0.407542,410.753
211.7000,-0.432329,410.928
211.6000,-0.402165,411.106
211.5000,-0.414998,411.281
211.4000,-0.211299,411.466
211.3000,-0.304718,411.643
211.2000,-0.568689,411.811
211.1000,-0.600375,411.986
211.0000,-0.571969,412.172
210.9000,-0.586943,412.355
210.8000,-0.65541,412.536
210.7000,-0.726185,412.722
210.6000,-0.89205,412.901
210.5000,-0.913498,413.089
210.4000,-0.775019,413.282
210.3000,-0.67337,413.478
210.2000,-0.504761,413.669
210.1000,-0.354695,413.863
210.0000,-0.283152,414.055
209.9000,-0.0784178,414.249
209.8000,0.0590722,414.444
209.7000,0.178941,414.641
209.6000,0.219426,414.836
209.5000,0.222565,415.032
209.4000,0.102795,415.222
209.3000,0.0126242,415.415
209.2000,0.0615623,415.614
209.1000,0.000292304,415.813
209.0000,-0.0527898,416.01
208.9000,-0.0306726,416.214
208.8000,-0.00858887,416.415
208.7000,0.0568206,416.613
208.6000,-0.00571585,416.818
208.5000,0.1647,417.033
208.4000,0.13669,417.241
208.3000,0.100137,417.453
208.2000,-0.0166049,417.664
208.1000,-0.158647,417.871
208.0000,-0.378649,418.074
207.9000,-0.415731,418.284
207.8000,-0.441655,418.498
207.7000,-0.558156,418.707
207.6000,-0.704685,418.916
207.5000,-0.790633,419.122
207.4000,-0.796842,419.329
207.3000,-0.684661,419.541
207.2000,-0.47513,419.756
207.1000,-0.346689,419.97
207.0000,-0.272766,420.182
206.9000,-0.279229,420.39
206.8000,-0.186627,420.603
206.7000,-0.0635987,420.819
206.6000,0.0837789,421.036
206.5000,0.35364,421.261
206.4000,0.400408,421.478
206.3000,0.519457,421.701
206.2000,0.441899,421.909
206.1000,0.256516,422.111
206.0000,0.228742,422.319
205.9000,0.13765,422.522
205.8000,0.0570966,422.729
205.7000,-0.10333,422.933
205.6000,-0.1577,423.143
205.5000,-0.236809,423.354
205.4000,-0.283844,423.563
205.3000,-0.0917531,423.788
205.2000,0.0943279,424.013
205.1000,0.0413292,424.233
205.0000,0.0211695,424.45
204.9000,-0.034999,424.667
204.8000,-0.121359,424.883
204.7000,-0.0753551,425.106
204.6000,-0.0129404,425.33
204.5000,-0.00288779,425.555
204.4000,0.0506687,425.778
204.3000,0.145201,426.005
204.2000,0.447238,426.242
204.1000,0.609742,426.477
204.0000,0.670615,426.708
203.9000,0.622687,426.933
203.8000,0.563193,427.161
203.7000,0.524303,427.392
203.6000,0.390893,427.623
203.5000,0.306785,427.856
203.4000,0.297549,428.091
203.3000,0.298288,428.329
203.2000,0.363372,428.571
203.1000,0.319577,428.812
203.0000,0.378497,429.061
202.9000,0.353767,429.308
202.8000,0.373172,429.557
202.7000,0.44564,429.809
202.6000,0.449491,430.056
202.5000,0.436495,430.301
202.4000,0.394547,430.547
202.3000,0.321135,430.796
202.2000,0.361484,431.042
202.1000,0.309196,431.286
202.0000,0.277775,431.531
201.9000,0.202078,431.778
201.8000,-0.0610858,432.026
201.7000,-0.371375,432.275
201.6000,-0.431985,432.535
201.5000,-0.352865,432.799
201.4000,-0.413763,433.061
201.3000,-0.584366,433.322
201.2000,-0.601928,433.594
201.1000,-0.464576,433.873
201.0000,-0.393515,434.146
200.9000,-0.11279,434.427
200.8000,-0.0444248,434.705
200.7000,-0.272871,434.976
200.6000,-0.420243,435.252
200.5000,-0.579256,435.535
200.4000,-0.63961,435.825
200.3000,-0.89824,436.109
200.2000,-1.13696,436.398
200.1000,-1.3447,436.688
200.0000,-1.51531,436.978
199.9000,-1.44421,437.276
199.8000,-1.25549,437.581
199.7000,-0.949365,437.879
199.6000,-0.717655,438.171
199.5000,-0.679137,438.457
199.4000,-0.425828,438.744
199.3000,-0.161852,439.032
199.2000,0.11528,439.326
199.1000,0.34126,439.619
199.0000,0.527063,439.914
198.9000,0.618587,440.218
198.8000,0.567896,440.526
198.7000,0.629042,440.845
198.6000,0.712571,441.171
198.5000,0.586852,441.502
198.4000,0.723903,441.843
198.3000,0.621284,442.178
198.2000,0.540648,442.528
198.1000,0.354842,442.88
198.0000,0.404063,443.255
197.9000,0.382849,443.643
197.8000,0.251044,444.04
197.7000,0.265344,444.455
197.6000,0.089186,444.872
197.5000,-0.0469446,445.294
197.4000,-0.0915652,445.711
197.3000,-0.132986,446.114
197.2000,-0.377511,446.479
197.1000,-0.493307,446.814
197.0000,-0.507436,447.119
196.9000,-0.544368,447.398
196.8000,-0.581718,447.656
196.7000,-0.585313,447.91
196.6000,-0.711392,448.165
196.5000,-0.71972,448.431
196.4000,-0.506084,448.73
196.3000,-0.264376,449.069
196.2000,-0.209638,449.439
196.1000,-0.247816,449.844
196.0000,-0.136308,450.298
195.9000,0.0599416,450.806
195.8000,0.132461,451.369
195.7000,0.0986402,451.998
195.6000,0.042962,452.707
195.5000,-0.0743759,453.505
195.4000,0.010987,454.381
195.3000,0.236257,455.318
195.2000,0.279393,456.28
195.1000,0.188065,457.247
195.0000,0.0257877,458.167
194.9000,-0.290304,458.991
194.8000,-0.373105,459.674
194.7000,-0.406976,460.189
194.6000,-0.329013,460.556
194.5000,-0.429615,460.778
194.4000,-0.471105,460.895
194.3000,-0.423269,460.937
194.2000,-0.427271,460.941
194.1000,-0.145647,460.977
194.0000,0.144472,461.106
193.9000,0.23911,461.366
193.8000,0.210681,461.772
193.7000,0.156917,462.359
193.6000,0.1308,463.153
193.5000,0.104259,464.177
193.4000,-0.15384,465.458
193.3000,-0.228503,467.006
193.2000,-0.331462,468.804
193.1000,-0.624587,470.803
193.0000,-0.66401,472.969
192.9000,-0.76666,475.207
192.8000,-0.926574,477.409
192.7000,-1.02449,479.445
192.6000,-1.16158,481.142
192.5000,-1.14086,482.397
192.4000,-1.0274,483.168
192.3000,-0.858943,483.475
192.2000,-0.670647,483.373
192.1000,-0.5754,482.931
192.0000,-0.444561,482.258
191.9000,-0.392347,481.488
191.8000,-0.393051,480.817
191.7000,-0.213037,480.445
191.6000,-0.345117,480.459
191.5000,-0.68393,480.894
191.4000,-0.946675,481.783
191.3000,-1.04561,483.17
191.2000,-1.13623,485.088
191.1000,-1.06467,487.527
191.0000,-0.674218,490.422
190.9000,-0.45905,493.652
190.8000,-0.340684,497.059
190.7000,-0.0433617,500.542
190.6000,0.369705,503.971
190.5000,0.712238,507.131
190.4000,0.783044,509.773
190.3000,0.719981,511.712
190.2000,0.870001,512.911
190.1000,0.798765,513.405
190.0000,1.04803,513.345

##### Extended Information
[Comments]
Sample name,D2_0.8uM
Comment
User
Division
Company,CSIR-IMTECH

[Detailed Information]
Creation date,3/11/2024 2:04 PM

Data array type,Linear data array * 2
Horizontal axis,Wavelength [nm]
Vertical axis(1),CD [mdeg]
Vertical axis(2),HT [V]
Start,350 nm
End,190 nm
Data interval,0.1 nm
Data points,1601    

[Measurement Information]
Instrument Name,JASCO CD
Model Name,J-815
Serial No.,B063061168

Accessory,PTC-423S
Accessory S/N,C013945-01
  Temperature,37.62 C
  Control Sonsor,Cell
  Monitor Sensor,Cell
  Start Mode,Start immediately
  Cell Length,10 mm

Measurement date,3/11/2024 1:36 PM

Photometric Mode,CD, HT
Measure Range,350 - 190 nm
Data pitch,0.1 nm
Sensitivity,Standard
D.I.T.,1 sec
Bandwidth,1.00 nm
Start Mode,Immediately
Scanning Speed,50 nm/min
Baseline Correction,None
Shutter Control,Manual
CD Detector,PMT
PMT Voltage,Auto
Accumulations,3
Concentration,0.8 umol/L

