TITLE,Erg_0.8uM
DATA TYPE,
ORIGIN,JASCO
OWNER,
DATE,24/04/09
TIME,13:32:10
SPECTROMETER/DATA SYSTEM,
LOCALE,1033
RESOLUTION,
DELTAX,-0.1
XUNITS,NANOMETERS
YUNITS,CD [mdeg]
Y2UNITS,HT [V]
FIRSTX,  350.0000
LASTX,  190.0000
NPOINTS,    1601
FIRSTY,    -0.49598
MAXY,     0.83323
MINY,    -1.46203
XYDATA
350.0000,-0.495984,484.366
349.9000,-0.741856,483.721
349.8000,-0.97585,482.799
349.7000,-1.24011,481.864
349.6000,-1.38882,481.197
349.5000,-1.35079,480.624
349.4000,-1.41114,479.722
349.3000,-1.11342,479.094
349.2000,-0.921165,478.569
349.1000,-0.688029,477.741
349.0000,-0.617281,477.11
348.9000,-0.556732,476.548
348.8000,-0.600224,475.657
348.7000,-0.593169,474.753
348.6000,-0.833762,474.091
348.5000,-0.966228,473.517
348.4000,-0.986162,472.624
348.3000,-0.795193,471.961
348.2000,-0.649984,471.374
348.1000,-0.618397,470.491
348.0000,-0.509877,469.842
347.9000,-0.71212,469.277
347.8000,-0.770157,468.439
347.7000,-0.911293,467.585
347.6000,-1.06019,466.975
347.5000,-1.03111,466.465
347.4000,-0.928088,465.655
347.3000,-0.764702,465.051
347.2000,-0.788317,464.529
347.1000,-0.474229,463.754
347.0000,-0.233217,463.176
346.9000,-0.101478,462.672
346.8000,0.0352264,461.884
346.7000,-0.0606924,461.07
346.6000,-0.257568,460.467
346.5000,-0.340036,459.698
346.4000,-0.358851,458.918
346.3000,-0.41355,458.317
346.2000,-0.5995,457.524
346.1000,-0.407882,456.728
346.0000,-0.267984,456.143
345.9000,-0.234132,455.639
345.8000,-0.295478,454.858
345.7000,-0.214855,454.28
345.6000,-0.099701,453.789
345.5000,-0.0776704,453.051
345.4000,0.169437,452.519
345.3000,0.129684,452.061
345.2000,-0.0813121,451.341
345.1000,-0.313913,450.612
345.0000,-0.394708,450.077
344.9000,-0.503751,449.397
344.8000,-0.731421,448.697
344.7000,-0.911214,448.168
344.6000,-1.12157,447.487
344.5000,-1.34856,446.797
344.4000,-1.46203,446.286
344.3000,-1.36576,445.611
344.2000,-1.00553,444.933
344.1000,-0.821224,444.41
344.0000,-0.808608,443.739
343.9000,-0.706152,443.066
343.8000,-0.733773,442.572
343.7000,-0.538273,442.151
343.6000,-0.352835,441.489
343.5000,-0.190182,441.012
343.4000,-0.320226,440.601
343.3000,-0.344586,439.975
343.2000,-0.403038,439.515
343.1000,-0.513953,439.111
343.0000,-0.511079,438.499
342.9000,-0.400977,437.882
342.8000,-0.502372,437.422
342.7000,-0.559244,436.799
342.6000,-0.563793,436.168
342.5000,-0.529593,435.691
342.4000,-0.371725,435.097
342.3000,-0.0351207,434.5
342.2000,0.0891886,434.043
342.1000,0.0399108,433.45
342.0000,0.0718831,432.856
341.9000,0.236583,432.443
341.8000,0.230321,431.88
341.7000,0.231696,431.308
341.6000,0.143835,430.874
341.5000,0.0290618,430.323
341.4000,-0.134902,429.768
341.3000,-0.173023,429.352
341.2000,-0.215285,428.776
341.1000,-0.319751,428.181
341.0000,-0.478087,427.741
340.9000,-0.48854,427.194
340.8000,-0.334743,426.641
340.7000,-0.367575,426.206
340.6000,-0.298802,425.658
340.5000,-0.315977,425.102
340.4000,-0.37782,424.698
340.3000,-0.244532,424.165
340.2000,-0.080418,423.626
340.1000,-0.0226075,423.218
340.0000,-0.0134003,422.715
339.9000,-0.0698162,422.208
339.8000,-0.0789236,421.828
339.7000,-0.120055,421.345
339.6000,-0.195832,420.855
339.5000,-0.272279,420.518
339.4000,-0.437308,420.049
339.3000,-0.487769,419.566
339.2000,-0.537864,419.038
339.1000,-0.531384,418.562
339.0000,-0.413091,418.077
338.9000,-0.356517,417.528
338.8000,-0.379649,417.02
338.7000,-0.34104,416.508
338.6000,-0.406638,415.959
338.5000,-0.434809,415.48
338.4000,-0.518209,415.119
338.3000,-0.680077,414.666
338.2000,-0.843659,414.208
338.1000,-0.947769,413.884
338.0000,-0.865518,413.45
337.9000,-0.871348,413.008
337.8000,-0.860506,412.696
337.7000,-0.66451,412.305
337.6000,-0.643125,411.898
337.5000,-0.553224,411.589
337.4000,-0.463374,411.187
337.3000,-0.44973,410.766
337.2000,-0.234938,410.31
337.1000,-0.114539,409.904
337.0000,-0.0142304,409.49
336.9000,-0.0433503,409.03
336.8000,-0.0403392,408.621
336.7000,-0.0402619,408.209
336.6000,-0.128748,407.75
336.5000,-0.265685,407.327
336.4000,-0.410281,407.022
336.3000,-0.522046,406.609
336.2000,-0.665682,406.184
336.1000,-0.866647,405.865
336.0000,-1.03603,405.469
335.9000,-1.17485,405.055
335.8000,-1.07481,404.61
335.7000,-0.883689,404.217
335.6000,-0.771275,403.818
335.5000,-0.782603,403.404
335.4000,-0.701193,403.047
335.3000,-0.544303,402.693
335.2000,-0.325141,402.309
335.1000,-0.322597,401.966
335.0000,-0.30028,401.733
334.9000,-0.461745,401.394
334.8000,-0.621327,401.041
334.7000,-0.567589,400.669
334.6000,-0.61735,400.337
334.5000,-0.678431,399.996
334.4000,-0.715915,399.596
334.3000,-0.63872,399.231
334.2000,-0.545209,398.857
334.1000,-0.437393,398.461
334.0000,-0.302325,398.117
333.9000,-0.277348,397.863
333.8000,-0.109405,397.527
333.7000,-0.0139415,397.181
333.6000,-0.0841106,396.8
333.5000,-0.109698,396.473
333.4000,-0.201713,396.139
333.3000,-0.260588,395.787
333.2000,-0.320557,395.478
333.1000,-0.45545,395.158
333.0000,-0.636592,394.819
332.9000,-0.735149,394.518
332.8000,-0.726196,394.176
332.7000,-0.639115,393.879
332.6000,-0.529515,393.576
332.5000,-0.416221,393.25
332.4000,-0.35425,392.96
332.3000,-0.210403,392.666
332.2000,-0.118875,392.314
332.1000,-0.0983521,391.985
332.0000,0.00716646,391.641
331.9000,-0.0833151,391.336
331.8000,-0.16973,391.03
331.7000,-0.16285,390.689
331.6000,-0.270283,390.369
331.5000,-0.222256,389.936
331.4000,-0.23685,389.597
331.3000,-0.154393,389.308
331.2000,-0.184201,388.991
331.1000,-0.0890748,388.718
331.0000,0.0212981,388.438
330.9000,0.00213818,388.139
330.8000,-0.00470691,387.877
330.7000,-0.00527454,387.577
330.6000,0.0394673,387.318
330.5000,0.0355966,387.052
330.4000,-0.0444398,386.754
330.3000,-0.127301,386.49
330.2000,-0.198703,386.119
330.1000,-0.280249,385.816
330.0000,-0.260551,385.547
329.9000,-0.357683,385.249
329.8000,-0.450312,384.988
329.7000,-0.589718,384.641
329.6000,-0.56821,384.375
329.5000,-0.461847,384.146
329.4000,-0.356114,383.854
329.3000,-0.269857,383.592
329.2000,-0.234967,383.229
329.1000,-0.286333,382.942
329.0000,-0.255986,382.695
328.9000,-0.29116,382.407
328.8000,-0.31571,382.146
328.7000,-0.245817,381.796
328.6000,-0.395556,381.533
328.5000,-0.544524,381.316
328.4000,-0.573598,381.052
328.3000,-0.484231,380.821
328.2000,-0.43841,380.532
328.1000,-0.375113,380.315
328.0000,-0.243581,380.132
327.9000,-0.271759,379.864
327.8000,-0.237562,379.623
327.7000,-0.167702,379.376
327.6000,-0.093095,379.219
327.5000,-0.166686,379.1
327.4000,-0.168525,378.823
327.3000,-0.280867,378.545
327.2000,-0.358697,378.23
327.1000,-0.500601,378.014
327.0000,-0.581987,377.849
326.9000,-0.600937,377.561
326.8000,-0.655755,377.256
326.7000,-0.618517,376.926
326.6000,-0.726052,376.732
326.5000,-0.804599,376.61
326.4000,-0.811625,376.346
326.3000,-0.802629,376.081
326.2000,-0.880928,375.813
326.1000,-0.907382,375.64
326.0000,-0.79075,375.347
325.9000,-0.839772,375.063
325.8000,-0.817901,374.784
325.7000,-0.79626,374.521
325.6000,-0.779615,374.381
325.5000,-0.75303,374.096
325.4000,-0.630044,373.807
325.3000,-0.538406,373.51
325.2000,-0.518002,373.347
325.1000,-0.548254,373.245
325.0000,-0.58065,372.968
324.9000,-0.522162,372.676
324.8000,-0.507557,372.376
324.7000,-0.497221,372.229
324.6000,-0.632998,372.154
324.5000,-0.719101,371.886
324.4000,-0.754131,371.605
324.3000,-0.791004,371.344
324.2000,-0.834491,371.204
324.1000,-0.925877,370.938
324.0000,-0.955495,370.666
323.9000,-0.881276,370.385
323.8000,-0.735418,370.125
323.7000,-0.604028,369.997
323.6000,-0.673998,369.727
323.5000,-0.789636,369.427
323.4000,-0.865659,369.142
323.3000,-0.88885,368.999
323.2000,-0.861618,368.92
323.1000,-0.838547,368.669
323.0000,-0.903551,368.392
322.9000,-0.922237,368.118
322.8000,-0.867527,367.987
322.7000,-0.70051,367.742
322.6000,-0.574123,367.457
322.5000,-0.479214,367.171
322.4000,-0.455777,366.884
322.3000,-0.485253,366.704
322.2000,-0.398783,366.395
322.1000,-0.342086,366.06
322.0000,-0.298157,365.743
321.9000,-0.292767,365.565
321.8000,-0.3708,365.281
321.7000,-0.344443,364.986
321.6000,-0.304092,364.678
321.5000,-0.345941,364.399
321.4000,-0.465482,364.265
321.3000,-0.540701,364.074
321.2000,-0.650187,363.871
321.1000,-0.745135,363.663
321.0000,-0.870513,363.593
320.9000,-0.916822,363.442
320.8000,-0.967497,363.29
320.7000,-0.949264,363.154
320.6000,-0.881867,363.012
320.5000,-0.832995,362.968
320.4000,-0.871801,362.795
320.3000,-0.844424,362.611
320.2000,-0.814405,362.441
320.1000,-0.78583,362.38
320.0000,-0.736281,362.221
319.9000,-0.677049,362.036
319.8000,-0.654733,361.839
319.7000,-0.690235,361.633
319.6000,-0.68096,361.421
319.5000,-0.655558,361.267
319.4000,-0.657968,361.09
319.3000,-0.635488,360.879
319.2000,-0.714767,360.769
319.1000,-0.815639,360.558
319.0000,-0.81672,360.337
318.9000,-0.821729,360.122
318.8000,-0.856854,359.998
318.7000,-0.907757,359.765
318.6000,-0.978068,359.521
318.5000,-1.01153,359.314
318.4000,-0.957332,359.11
318.3000,-0.865907,358.907
318.2000,-0.84562,358.758
318.1000,-0.811579,358.603
318.0000,-0.742128,358.422
317.9000,-0.61239,358.352
317.8000,-0.516333,358.229
317.7000,-0.413215,358.087
317.6000,-0.3295,357.908
317.5000,-0.25926,357.807
317.4000,-0.260562,357.637
317.3000,-0.273139,357.457
317.2000,-0.277975,357.265
317.1000,-0.314221,357.072
317.0000,-0.383035,356.816
316.9000,-0.425999,356.596
316.8000,-0.525562,356.398
316.7000,-0.594207,356.204
316.6000,-0.688451,356.008
316.5000,-0.73234,355.847
316.4000,-0.701919,355.672
316.3000,-0.741773,355.494
316.2000,-0.787846,355.33
316.1000,-0.800227,355.217
316.0000,-0.771208,355.105
315.9000,-0.779613,354.947
315.8000,-0.72057,354.844
315.7000,-0.616877,354.678
315.6000,-0.52674,354.534
315.5000,-0.446,354.37
315.4000,-0.367027,354.262
315.3000,-0.333004,354.061
315.2000,-0.282757,353.851
315.1000,-0.22831,353.657
315.0000,-0.241127,353.469
314.9000,-0.310171,353.274
314.8000,-0.421583,353.107
314.7000,-0.533177,352.935
314.6000,-0.625809,352.768
314.5000,-0.62938,352.616
314.4000,-0.719059,352.505
314.3000,-0.735722,352.367
314.2000,-0.764806,352.229
314.1000,-0.706518,352.051
314.0000,-0.62216,351.895
313.9000,-0.598844,351.731
313.8000,-0.531173,351.573
313.7000,-0.397708,351.355
313.6000,-0.248611,351.155
313.5000,-0.275105,350.963
313.4000,-0.320893,350.779
313.3000,-0.299554,350.609
313.2000,-0.393535,350.464
313.1000,-0.475958,350.312
313.0000,-0.550492,350.162
312.9000,-0.646881,350.026
312.8000,-0.699447,349.928
312.7000,-0.652778,349.797
312.6000,-0.572355,349.667
312.5000,-0.575564,349.503
312.4000,-0.579346,349.351
312.3000,-0.545012,349.174
312.2000,-0.550876,348.997
312.1000,-0.538515,348.774
312.0000,-0.619284,348.564
311.9000,-0.687926,348.36
311.8000,-0.695484,348.132
311.7000,-0.656905,347.95
311.6000,-0.613218,347.759
311.5000,-0.558775,347.607
311.4000,-0.560666,347.416
311.3000,-0.504929,347.294
311.2000,-0.433859,347.166
311.1000,-0.412113,347.066
311.0000,-0.470605,346.953
310.9000,-0.508362,346.858
310.8000,-0.48943,346.749
310.7000,-0.501505,346.653
310.6000,-0.53408,346.525
310.5000,-0.569771,346.414
310.4000,-0.617822,346.306
310.3000,-0.627224,346.211
310.2000,-0.633093,346.121
310.1000,-0.644791,346.051
310.0000,-0.685653,345.978
309.9000,-0.807114,345.914
309.8000,-0.806987,345.851
309.7000,-0.766392,345.758
309.6000,-0.695227,345.688
309.5000,-0.661592,345.581
309.4000,-0.550961,345.495
309.3000,-0.470187,345.355
309.2000,-0.43585,345.234
309.1000,-0.34664,345.063
309.0000,-0.245292,344.921
308.9000,-0.223599,344.789
308.8000,-0.241906,344.67
308.7000,-0.256535,344.566
308.6000,-0.378725,344.471
308.5000,-0.514709,344.363
308.4000,-0.616403,344.25
308.3000,-0.673273,344.179
308.2000,-0.710201,344.069
308.1000,-0.766295,343.988
308.0000,-0.809677,343.893
307.9000,-0.889615,343.805
307.8000,-0.858443,343.666
307.7000,-0.753332,343.563
307.6000,-0.632036,343.451
307.5000,-0.560943,343.288
307.4000,-0.596336,343.164
307.3000,-0.564699,343.052
307.2000,-0.53101,342.961
307.1000,-0.465524,342.829
307.0000,-0.380107,342.738
306.9000,-0.312541,342.644
306.8000,-0.358576,342.576
306.7000,-0.402495,342.507
306.6000,-0.410103,342.423
306.5000,-0.413643,342.346
306.4000,-0.436507,342.215
306.3000,-0.412614,342.118
306.2000,-0.398338,341.995
306.1000,-0.468536,341.884
306.0000,-0.546823,341.734
305.9000,-0.56644,341.625
305.8000,-0.627733,341.543
305.7000,-0.62245,341.421
305.6000,-0.56296,341.339
305.5000,-0.566369,341.262
305.4000,-0.588145,341.217
305.3000,-0.605798,341.123
305.2000,-0.56295,341.058
305.1000,-0.554739,340.986
305.0000,-0.47624,340.864
304.9000,-0.435568,340.785
304.8000,-0.493636,340.683
304.7000,-0.555725,340.589
304.6000,-0.585673,340.451
304.5000,-0.605381,340.346
304.4000,-0.624072,340.265
304.3000,-0.571859,340.15
304.2000,-0.592004,340.081
304.1000,-0.650974,340.02
304.0000,-0.679661,339.987
303.9000,-0.660126,339.901
303.8000,-0.669256,339.829
303.7000,-0.730875,339.778
303.6000,-0.762954,339.674
303.5000,-0.793739,339.605
303.4000,-0.792914,339.524
303.3000,-0.738539,339.412
303.2000,-0.728241,339.297
303.1000,-0.674594,339.215
303.0000,-0.616046,339.169
302.9000,-0.555857,339.076
302.8000,-0.496735,339.007
302.7000,-0.559055,338.952
302.6000,-0.5274,338.867
302.5000,-0.5486,338.818
302.4000,-0.564343,338.763
302.3000,-0.611055,338.665
302.2000,-0.663343,338.569
302.1000,-0.70287,338.477
302.0000,-0.740293,338.413
301.9000,-0.705943,338.323
301.8000,-0.712778,338.248
301.7000,-0.73144,338.189
301.6000,-0.707465,338.101
301.5000,-0.660958,338.052
301.4000,-0.64243,338.007
301.3000,-0.660698,337.93
301.2000,-0.634551,337.864
301.1000,-0.646737,337.802
301.0000,-0.625982,337.77
300.9000,-0.638834,337.693
300.8000,-0.693914,337.614
300.7000,-0.731254,337.547
300.6000,-0.760099,337.461
300.5000,-0.779998,337.392
300.4000,-0.821684,337.338
300.3000,-0.829478,337.26
300.2000,-0.822537,337.187
300.1000,-0.775286,337.132
300.0000,-0.734095,337.069
299.9000,-0.700782,337.016
299.8000,-0.665158,336.965
299.7000,-0.681601,336.898
299.6000,-0.652294,336.84
299.5000,-0.580652,336.778
299.4000,-0.595409,336.726
299.3000,-0.612266,336.652
299.2000,-0.618848,336.597
299.1000,-0.577506,336.555
299.0000,-0.607928,336.486
298.9000,-0.583627,336.436
298.8000,-0.549989,336.402
298.7000,-0.586125,336.349
298.6000,-0.605935,336.304
298.5000,-0.623417,336.254
298.4000,-0.620302,336.195
298.3000,-0.64054,336.138
298.2000,-0.659065,336.077
298.1000,-0.699477,336.013
298.0000,-0.722265,335.956
297.9000,-0.753687,335.901
297.8000,-0.707633,335.833
297.7000,-0.757937,335.776
297.6000,-0.787312,335.732
297.5000,-0.817056,335.667
297.4000,-0.83926,335.624
297.3000,-0.787559,335.588
297.2000,-0.777595,335.526
297.1000,-0.803957,335.48
297.0000,-0.887119,335.426
296.9000,-0.832505,335.359
296.8000,-0.768935,335.307
296.7000,-0.776893,335.259
296.6000,-0.756134,335.219
296.5000,-0.716544,335.171
296.4000,-0.648794,335.132
296.3000,-0.504494,335.104
296.2000,-0.410769,335.066
296.1000,-0.45328,335.026
296.0000,-0.486175,334.996
295.9000,-0.458448,334.952
295.8000,-0.427997,334.89
295.7000,-0.486294,334.844
295.6000,-0.542306,334.795
295.5000,-0.574127,334.729
295.4000,-0.607746,334.654
295.3000,-0.535519,334.611
295.2000,-0.491397,334.556
295.1000,-0.462126,334.488
295.0000,-0.498102,334.446
294.9000,-0.511111,334.395
294.8000,-0.513931,334.329
294.7000,-0.553991,334.287
294.6000,-0.58989,334.253
294.5000,-0.617831,334.201
294.4000,-0.610452,334.163
294.3000,-0.627721,334.135
294.2000,-0.647755,334.088
294.1000,-0.621161,334.051
294.0000,-0.609959,334.027
293.9000,-0.639595,333.979
293.8000,-0.636744,333.945
293.7000,-0.666039,333.918
293.6000,-0.730138,333.862
293.5000,-0.784787,333.797
293.4000,-0.877767,333.76
293.3000,-0.889074,333.711
293.2000,-0.885436,333.654
293.1000,-0.858633,333.628
293.0000,-0.875721,333.58
292.9000,-0.858494,333.53
292.8000,-0.828334,333.508
292.7000,-0.74073,333.487
292.6000,-0.691959,333.451
292.5000,-0.661986,333.399
292.4000,-0.601822,333.371
292.3000,-0.565726,333.322
292.2000,-0.552803,333.27
292.1000,-0.536719,333.237
292.0000,-0.537596,333.189
291.9000,-0.601793,333.128
291.8000,-0.680183,333.074
291.7000,-0.626498,333.053
291.6000,-0.671205,333.004
291.5000,-0.761421,332.953
291.4000,-0.814072,332.924
291.3000,-0.882202,332.875
291.2000,-0.971463,332.808
291.1000,-1.01368,332.74
291.0000,-0.972014,332.692
290.9000,-0.968122,332.62
290.8000,-0.981186,332.532
290.7000,-0.952938,332.432
290.6000,-0.946429,332.326
290.5000,-0.883196,332.197
290.4000,-0.785115,332.063
290.3000,-0.745163,331.946
290.2000,-0.702201,331.805
290.1000,-0.700991,331.65
290.0000,-0.71888,331.507
289.9000,-0.758927,331.405
289.8000,-0.762067,331.314
289.7000,-0.812213,331.239
289.6000,-0.833168,331.209
289.5000,-0.861097,331.217
289.4000,-0.896407,331.249
289.3000,-0.902616,331.315
289.2000,-0.924777,331.401
289.1000,-0.908196,331.509
289.0000,-0.854328,331.612
288.9000,-0.825661,331.719
288.8000,-0.862859,331.813
288.7000,-0.876169,331.897
288.6000,-0.821671,331.96
288.5000,-0.81788,332.006
288.4000,-0.718533,332.039
288.3000,-0.648117,332.064
288.2000,-0.668683,332.064
288.1000,-0.680595,332.054
288.0000,-0.621653,332.035
287.9000,-0.537568,332.001
287.8000,-0.484836,331.98
287.7000,-0.469938,331.956
287.6000,-0.532992,331.929
287.5000,-0.595845,331.89
287.4000,-0.638676,331.868
287.3000,-0.590778,331.853
287.2000,-0.597702,331.834
287.1000,-0.629345,331.816
287.0000,-0.702821,331.773
286.9000,-0.754273,331.748
286.8000,-0.761447,331.735
286.7000,-0.786265,331.718
286.6000,-0.813563,331.689
286.5000,-0.868469,331.674
286.4000,-0.920075,331.664
286.3000,-0.863594,331.667
286.2000,-0.864884,331.666
286.1000,-0.832398,331.66
286.0000,-0.831089,331.659
285.9000,-0.803979,331.653
285.8000,-0.769716,331.653
285.7000,-0.80336,331.634
285.6000,-0.821964,331.611
285.5000,-0.935504,331.603
285.4000,-1.00677,331.597
285.3000,-1.02334,331.598
285.2000,-1.08832,331.571
285.1000,-1.07304,331.555
285.0000,-1.07831,331.561
284.9000,-1.03039,331.553
284.8000,-0.984718,331.554
284.7000,-0.899661,331.538
284.6000,-0.820053,331.523
284.5000,-0.772079,331.523
284.4000,-0.710297,331.53
284.3000,-0.666295,331.539
284.2000,-0.650005,331.517
284.1000,-0.62072,331.508
284.0000,-0.592647,331.486
283.9000,-0.589413,331.486
283.8000,-0.643708,331.49
283.7000,-0.659035,331.477
283.6000,-0.623604,331.466
283.5000,-0.611968,331.456
283.4000,-0.567012,331.456
283.3000,-0.54988,331.471
283.2000,-0.534423,331.491
283.1000,-0.550632,331.502
283.0000,-0.50954,331.496
282.9000,-0.491597,331.495
282.8000,-0.535724,331.49
282.7000,-0.558806,331.504
282.6000,-0.644641,331.514
282.5000,-0.66554,331.518
282.4000,-0.718163,331.51
282.3000,-0.75817,331.505
282.2000,-0.810786,331.503
282.1000,-0.859234,331.522
282.0000,-0.861327,331.534
281.9000,-0.910705,331.534
281.8000,-0.956647,331.529
281.7000,-0.994324,331.518
281.6000,-1.0404,331.516
281.5000,-1.00286,331.513
281.4000,-0.948278,331.531
281.3000,-0.867299,331.536
281.2000,-0.83742,331.534
281.1000,-0.818708,331.535
281.0000,-0.721215,331.537
280.9000,-0.67385,331.542
280.8000,-0.622089,331.541
280.7000,-0.602635,331.544
280.6000,-0.584924,331.553
280.5000,-0.601645,331.55
280.4000,-0.59502,331.556
280.3000,-0.585179,331.555
280.2000,-0.561071,331.553
280.1000,-0.557235,331.547
280.0000,-0.539879,331.543
279.9000,-0.517703,331.537
279.8000,-0.480291,331.518
279.7000,-0.412169,331.514
279.6000,-0.416366,331.503
279.5000,-0.444434,331.495
279.4000,-0.474991,331.489
279.3000,-0.50765,331.482
279.2000,-0.50915,331.481
279.1000,-0.49025,331.48
279.0000,-0.513787,331.479
278.9000,-0.620148,331.466
278.8000,-0.647833,331.473
278.7000,-0.56815,331.486
278.6000,-0.534811,331.501
278.5000,-0.531637,331.517
278.4000,-0.45524,331.529
278.3000,-0.460591,331.542
278.2000,-0.503185,331.553
278.1000,-0.5241,331.561
278.0000,-0.514462,331.557
277.9000,-0.587015,331.544
277.8000,-0.616736,331.534
277.7000,-0.57932,331.528
277.6000,-0.601428,331.545
277.5000,-0.65212,331.555
277.4000,-0.644212,331.573
277.3000,-0.60524,331.597
277.2000,-0.55804,331.621
277.1000,-0.523609,331.648
277.0000,-0.517912,331.674
276.9000,-0.51461,331.698
276.8000,-0.521031,331.704
276.7000,-0.53459,331.708
276.6000,-0.526316,331.715
276.5000,-0.460399,331.723
276.4000,-0.513345,331.729
276.3000,-0.546107,331.736
276.2000,-0.58572,331.742
276.1000,-0.628002,331.749
276.0000,-0.637632,331.775
275.9000,-0.587742,331.805
275.8000,-0.62363,331.824
275.7000,-0.749812,331.835
275.6000,-0.751742,331.851
275.5000,-0.700262,331.87
275.4000,-0.6541,331.89
275.3000,-0.638563,331.905
275.2000,-0.658043,331.905
275.1000,-0.714739,331.902
275.0000,-0.767479,331.907
274.9000,-0.753198,331.92
274.8000,-0.760811,331.935
274.7000,-0.791929,331.947
274.6000,-0.86675,331.956
274.5000,-0.945858,331.97
274.4000,-1.02679,331.98
274.3000,-1.06478,331.996
274.2000,-1.01371,332.014
274.1000,-0.978545,332.033
274.0000,-0.959715,332.043
273.9000,-0.979286,332.052
273.8000,-0.946879,332.064
273.7000,-0.912291,332.077
273.6000,-0.835025,332.091
273.5000,-0.7551,332.106
273.4000,-0.731533,332.116
273.3000,-0.741059,332.127
273.2000,-0.731235,332.137
273.1000,-0.689763,332.153
273.0000,-0.692702,332.168
272.9000,-0.706268,332.184
272.8000,-0.719145,332.201
272.7000,-0.66788,332.221
272.6000,-0.704816,332.239
272.5000,-0.725598,332.255
272.4000,-0.717562,332.272
272.3000,-0.733519,332.294
272.2000,-0.754752,332.317
272.1000,-0.72311,332.335
272.0000,-0.677636,332.352
271.9000,-0.672816,332.372
271.8000,-0.660681,332.393
271.7000,-0.685927,332.415
271.6000,-0.723882,332.435
271.5000,-0.715633,332.454
271.4000,-0.682423,332.466
271.3000,-0.66808,332.48
271.2000,-0.708386,332.492
271.1000,-0.811964,332.499
271.0000,-0.878646,332.507
270.9000,-0.858289,332.5
270.8000,-0.798282,332.497
270.7000,-0.805991,332.496
270.6000,-0.763196,332.504
270.5000,-0.763268,332.505
270.4000,-0.754184,332.508
270.3000,-0.685304,332.51
270.2000,-0.618902,332.508
270.1000,-0.581716,332.51
270.0000,-0.630998,332.515
269.9000,-0.63034,332.522
269.8000,-0.687874,332.52
269.7000,-0.703607,332.519
269.6000,-0.741545,332.53
269.5000,-0.736117,332.549
269.4000,-0.765458,332.559
269.3000,-0.828814,332.578
269.2000,-0.799603,332.605
269.1000,-0.739199,332.64
269.0000,-0.738298,332.675
268.9000,-0.77716,332.718
268.8000,-0.892365,332.748
268.7000,-0.933671,332.775
268.6000,-1.00428,332.808
268.5000,-0.978635,332.854
268.4000,-0.97524,332.898
268.3000,-0.971551,332.926
268.2000,-0.978711,332.959
268.1000,-0.976937,332.985
268.0000,-0.896544,333.023
267.9000,-0.836244,333.059
267.8000,-0.768749,333.108
267.7000,-0.695244,333.153
267.6000,-0.714141,333.202
267.5000,-0.807551,333.252
267.4000,-0.861387,333.288
267.3000,-0.843445,333.332
267.2000,-0.82871,333.369
267.1000,-0.786092,333.418
267.0000,-0.786012,333.465
266.9000,-0.811619,333.515
266.8000,-0.788593,333.553
266.7000,-0.752324,333.579
266.6000,-0.701804,333.621
266.5000,-0.673032,333.663
266.4000,-0.613134,333.72
266.3000,-0.630994,333.772
266.2000,-0.663753,333.825
266.1000,-0.680333,333.873
266.0000,-0.725725,333.913
265.9000,-0.794095,333.967
265.8000,-0.811126,334.023
265.7000,-0.83155,334.08
265.6000,-0.834543,334.136
265.5000,-0.832468,334.19
265.4000,-0.867401,334.227
265.3000,-0.912316,334.259
265.2000,-0.934598,334.302
265.1000,-0.896729,334.347
265.0000,-0.928209,334.396
264.9000,-0.865535,334.46
264.8000,-0.819222,334.507
264.7000,-0.818004,334.551
264.6000,-0.75681,334.611
264.5000,-0.660909,334.687
264.4000,-0.624102,334.759
264.3000,-0.590311,334.817
264.2000,-0.51969,334.884
264.1000,-0.485703,334.951
264.0000,-0.478586,335.026
263.9000,-0.504414,335.109
263.8000,-0.474521,335.189
263.7000,-0.471544,335.257
263.6000,-0.435704,335.33
263.5000,-0.416175,335.42
263.4000,-0.396909,335.525
263.3000,-0.394078,335.602
263.2000,-0.449706,335.677
263.1000,-0.468908,335.755
263.0000,-0.49889,335.834
262.9000,-0.499211,335.908
262.8000,-0.522632,335.986
262.7000,-0.512055,336.059
262.6000,-0.422704,336.13
262.5000,-0.407315,336.215
262.4000,-0.454339,336.287
262.3000,-0.413782,336.355
262.2000,-0.344324,336.428
262.1000,-0.306597,336.507
262.0000,-0.338915,336.568
261.9000,-0.308576,336.641
261.8000,-0.341889,336.707
261.7000,-0.380001,336.756
261.6000,-0.384801,336.816
261.5000,-0.408631,336.886
261.4000,-0.478429,336.954
261.3000,-0.518024,337.017
261.2000,-0.457561,337.096
261.1000,-0.423721,337.176
261.0000,-0.470364,337.257
260.9000,-0.428253,337.334
260.8000,-0.416203,337.414
260.7000,-0.351655,337.498
260.6000,-0.270472,337.575
260.5000,-0.28209,337.659
260.4000,-0.303696,337.752
260.3000,-0.332134,337.845
260.2000,-0.317562,337.926
260.1000,-0.335163,338.014
260.0000,-0.327991,338.106
259.9000,-0.341262,338.185
259.8000,-0.375031,338.276
259.7000,-0.384902,338.369
259.6000,-0.393978,338.45
259.5000,-0.397899,338.535
259.4000,-0.47885,338.629
259.3000,-0.506182,338.715
259.2000,-0.533203,338.796
259.1000,-0.554018,338.889
259.0000,-0.613762,338.97
258.9000,-0.675341,339.05
258.8000,-0.685945,339.138
258.7000,-0.691118,339.209
258.6000,-0.629999,339.279
258.5000,-0.511687,339.359
258.4000,-0.517045,339.437
258.3000,-0.513811,339.519
258.2000,-0.454399,339.611
258.1000,-0.375173,339.697
258.0000,-0.337541,339.783
257.9000,-0.346285,339.876
257.8000,-0.43969,339.96
257.7000,-0.596084,340.047
257.6000,-0.673091,340.148
257.5000,-0.734094,340.247
257.4000,-0.801909,340.355
257.3000,-0.811409,340.461
257.2000,-0.811629,340.56
257.1000,-0.796134,340.654
257.0000,-0.672758,340.75
256.9000,-0.502574,340.847
256.8000,-0.426108,340.927
256.7000,-0.329379,341.016
256.6000,-0.261416,341.098
256.5000,-0.226978,341.172
256.4000,-0.205811,341.257
256.3000,-0.177351,341.337
256.2000,-0.209125,341.424
256.1000,-0.311723,341.516
256.0000,-0.341438,341.599
255.9000,-0.311625,341.687
255.8000,-0.268192,341.765
255.7000,-0.331854,341.849
255.6000,-0.371968,341.937
255.5000,-0.471514,342.017
255.4000,-0.525895,342.109
255.3000,-0.466436,342.196
255.2000,-0.427246,342.292
255.1000,-0.407145,342.384
255.0000,-0.463275,342.481
254.9000,-0.415786,342.573
254.8000,-0.386638,342.664
254.7000,-0.346393,342.77
254.6000,-0.303835,342.871
254.5000,-0.330757,342.974
254.4000,-0.347069,343.077
254.3000,-0.380856,343.181
254.2000,-0.383114,343.267
254.1000,-0.348673,343.359
254.0000,-0.38335,343.442
253.9000,-0.363022,343.524
253.8000,-0.255352,343.604
253.7000,-0.175533,343.688
253.6000,-0.130018,343.757
253.5000,-0.114532,343.828
253.4000,-0.107397,343.891
253.3000,-0.18092,343.953
253.2000,-0.166397,344.021
253.1000,-0.181883,344.105
253.0000,-0.368899,344.183
252.9000,-0.491036,344.266
252.8000,-0.454004,344.351
252.7000,-0.405566,344.441
252.6000,-0.439939,344.539
252.5000,-0.365647,344.653
252.4000,-0.27902,344.751
252.3000,-0.251331,344.843
252.2000,-0.222574,344.925
252.1000,-0.23635,345.009
252.0000,-0.281449,345.087
251.9000,-0.375655,345.161
251.8000,-0.423286,345.242
251.7000,-0.456154,345.308
251.6000,-0.491344,345.393
251.5000,-0.496314,345.478
251.4000,-0.428976,345.572
251.3000,-0.373921,345.66
251.2000,-0.398123,345.748
251.1000,-0.436374,345.85
251.0000,-0.457681,345.947
250.9000,-0.421127,346.066
250.8000,-0.487769,346.182
250.7000,-0.571879,346.296
250.6000,-0.616033,346.399
250.5000,-0.671001,346.498
250.4000,-0.573545,346.608
250.3000,-0.5726,346.708
250.2000,-0.543515,346.82
250.1000,-0.505253,346.929
250.0000,-0.462084,347.022
249.9000,-0.421644,347.122
249.8000,-0.431053,347.216
249.7000,-0.39077,347.32
249.6000,-0.431069,347.416
249.5000,-0.424395,347.515
249.4000,-0.364526,347.617
249.3000,-0.384826,347.71
249.2000,-0.403784,347.808
249.1000,-0.41074,347.914
249.0000,-0.391508,348.018
248.9000,-0.358832,348.121
248.8000,-0.319074,348.239
248.7000,-0.319667,348.356
248.6000,-0.369232,348.465
248.5000,-0.394194,348.57
248.4000,-0.413314,348.668
248.3000,-0.358862,348.76
248.2000,-0.258985,348.861
248.1000,-0.208658,348.972
248.0000,-0.235901,349.063
247.9000,-0.224286,349.151
247.8000,-0.214198,349.232
247.7000,-0.241923,349.311
247.6000,-0.285281,349.404
247.5000,-0.369597,349.505
247.4000,-0.471533,349.6
247.3000,-0.587592,349.678
247.2000,-0.596567,349.768
247.1000,-0.56929,349.858
247.0000,-0.524684,349.945
246.9000,-0.540916,350.044
246.8000,-0.562339,350.138
246.7000,-0.58221,350.218
246.6000,-0.544238,350.3
246.5000,-0.476874,350.399
246.4000,-0.468327,350.488
246.3000,-0.53201,350.571
246.2000,-0.583725,350.668
246.1000,-0.49865,350.78
246.0000,-0.439858,350.889
245.9000,-0.409158,351.003
245.8000,-0.50423,351.12
245.7000,-0.595325,351.242
245.6000,-0.574149,351.377
245.5000,-0.536032,351.519
245.4000,-0.516765,351.659
245.3000,-0.479382,351.79
245.2000,-0.463598,351.926
245.1000,-0.436322,352.06
245.0000,-0.298122,352.187
244.9000,-0.215535,352.307
244.8000,-0.199279,352.419
244.7000,-0.169115,352.533
244.6000,-0.114853,352.649
244.5000,-0.076944,352.772
244.4000,-0.103933,352.885
244.3000,-0.0519583,353
244.2000,-0.0286825,353.121
244.1000,-0.0242097,353.244
244.0000,-0.0469463,353.365
243.9000,-0.110353,353.488
243.8000,-0.143978,353.613
243.7000,-0.189009,353.735
243.6000,-0.181969,353.851
243.5000,-0.183522,353.977
243.4000,-0.215868,354.119
243.3000,-0.243585,354.262
243.2000,-0.217747,354.402
243.1000,-0.15655,354.549
243.0000,-0.108081,354.698
242.9000,-0.13416,354.844
242.8000,-0.176178,354.988
242.7000,-0.251193,355.134
242.6000,-0.263094,355.274
242.5000,-0.22492,355.414
242.4000,-0.140382,355.566
242.3000,-0.100467,355.719
242.2000,-0.100413,355.868
242.1000,-0.0225749,356.02
242.0000,0.0629852,356.174
241.9000,0.10441,356.33
241.8000,0.0623443,356.48
241.7000,0.0398518,356.622
241.6000,0.063686,356.759
241.5000,0.0411651,356.895
241.4000,-0.0209148,357.033
241.3000,-0.0786998,357.179
241.2000,-0.209746,357.327
241.1000,-0.269591,357.48
241.0000,-0.271344,357.638
240.9000,-0.171488,357.808
240.8000,-0.175962,357.986
240.7000,-0.135906,358.168
240.6000,0.0180663,358.357
240.5000,0.0513295,358.54
240.4000,0.0865925,358.718
240.3000,0.131136,358.896
240.2000,0.190026,359.081
240.1000,0.109931,359.264
240.0000,0.062504,359.444
239.9000,0.02459,359.625
239.8000,-0.00915027,359.804
239.7000,-0.0531098,359.981
239.6000,-0.150146,360.164
239.5000,-0.140137,360.358
239.4000,-0.223907,360.55
239.3000,-0.181219,360.741
239.2000,-0.0971192,360.934
239.1000,-0.164381,361.131
239.0000,-0.258424,361.337
238.9000,-0.298105,361.551
238.8000,-0.21849,361.771
238.7000,-0.210535,361.99
238.6000,-0.217071,362.202
238.5000,-0.260093,362.402
238.4000,-0.32067,362.603
238.3000,-0.408138,362.806
238.2000,-0.471185,363.003
238.1000,-0.527443,363.199
238.0000,-0.563656,363.396
237.9000,-0.547114,363.593
237.8000,-0.625302,363.787
237.7000,-0.614228,363.997
237.6000,-0.551711,364.219
237.5000,-0.4998,364.443
237.4000,-0.408453,364.669
237.3000,-0.362576,364.895
237.2000,-0.319109,365.123
237.1000,-0.273791,365.349
237.0000,-0.172668,365.572
236.9000,-0.145994,365.792
236.8000,-0.27786,366.012
236.7000,-0.385543,366.232
236.6000,-0.467254,366.443
236.5000,-0.508304,366.659
236.4000,-0.555674,366.872
236.3000,-0.663252,367.089
236.2000,-0.748441,367.314
236.1000,-0.698187,367.543
236.0000,-0.64094,367.775
235.9000,-0.572607,368.006
235.8000,-0.579498,368.242
235.7000,-0.569317,368.48
235.6000,-0.595309,368.713
235.5000,-0.60604,368.949
235.4000,-0.617424,369.193
235.3000,-0.620911,369.439
235.2000,-0.668105,369.691
235.1000,-0.621465,369.944
235.0000,-0.637734,370.194
234.9000,-0.587611,370.441
234.8000,-0.457432,370.692
234.7000,-0.43822,370.949
234.6000,-0.472931,371.188
234.5000,-0.516904,371.428
234.4000,-0.439355,371.673
234.3000,-0.415581,371.912
234.2000,-0.344874,372.161
234.1000,-0.323382,372.414
234.0000,-0.376283,372.663
233.9000,-0.35635,372.908
233.8000,-0.28303,373.158
233.7000,-0.258155,373.406
233.6000,-0.319682,373.654
233.5000,-0.46481,373.898
233.4000,-0.580133,374.133
233.3000,-0.56408,374.371
233.2000,-0.591968,374.617
233.1000,-0.620394,374.859
233.0000,-0.679159,375.109
232.9000,-0.659043,375.358
232.8000,-0.694393,375.613
232.7000,-0.745477,375.869
232.6000,-0.610605,376.131
232.5000,-0.541895,376.393
232.4000,-0.571533,376.646
232.3000,-0.477056,376.915
232.2000,-0.377775,377.178
232.1000,-0.336106,377.44
232.0000,-0.168941,377.703
231.9000,-0.0194418,377.96
231.8000,0.0494781,378.213
231.7000,0.0858591,378.467
231.6000,0.218896,378.729
231.5000,0.156055,378.972
231.4000,0.0612874,379.215
231.3000,-0.00385343,379.454
231.2000,-0.165954,379.695
231.1000,-0.329002,379.935
231.0000,-0.44695,380.175
230.9000,-0.41649,380.428
230.8000,-0.422053,380.675
230.7000,-0.467364,380.935
230.6000,-0.473986,381.197
230.5000,-0.401634,381.468
230.4000,-0.30131,381.738
230.3000,-0.326175,382.009
230.2000,-0.258645,382.282
230.1000,-0.375915,382.553
230.0000,-0.553246,382.817
229.9000,-0.629002,383.074
229.8000,-0.650871,383.331
229.7000,-0.706138,383.575
229.6000,-0.861225,383.815
229.5000,-0.879091,384.051
229.4000,-0.801227,384.281
229.3000,-0.81754,384.499
229.2000,-0.862028,384.712
229.1000,-0.767888,384.935
229.0000,-0.615444,385.164
228.9000,-0.571311,385.394
228.8000,-0.542448,385.626
228.7000,-0.308924,385.877
228.6000,-0.186281,386.132
228.5000,-0.161943,386.388
228.4000,0.00323275,386.667
228.3000,0.0165984,386.943
228.2000,-0.138517,387.21
228.1000,-0.238736,387.491
228.0000,-0.141195,387.777
227.9000,-0.215911,388.05
227.8000,-0.277862,388.319
227.7000,-0.256251,388.601
227.6000,-0.395985,388.87
227.5000,-0.430351,389.133
227.4000,-0.341426,389.401
227.3000,-0.229485,389.674
227.2000,-0.298058,389.934
227.1000,-0.362391,390.195
227.0000,-0.43771,390.454
226.9000,-0.431948,390.71
226.8000,-0.281975,390.97
226.7000,-0.203351,391.226
226.6000,-0.236874,391.477
226.5000,-0.216051,391.717
226.4000,-0.190679,391.951
226.3000,-0.0937552,392.185
226.2000,-0.0394095,392.425
226.1000,-0.0827566,392.662
226.0000,-0.109506,392.894
225.9000,-0.0493429,393.129
225.8000,0.0522247,393.362
225.7000,0.0148294,393.596
225.6000,0.0557464,393.836
225.5000,0.0585428,394.076
225.4000,0.0505228,394.315
225.3000,0.166753,394.561
225.2000,0.130247,394.797
225.1000,0.142372,395.038
225.0000,0.0743407,395.28
224.9000,0.0207549,395.518
224.8000,-0.00224109,395.756
224.7000,-0.0425701,395.99
224.6000,-0.111097,396.219
224.5000,-0.210783,396.444
224.4000,-0.314112,396.667
224.3000,-0.464944,396.888
224.2000,-0.506821,397.108
224.1000,-0.466578,397.333
224.0000,-0.520963,397.556
223.9000,-0.470665,397.788
223.8000,-0.429059,398.018
223.7000,-0.470127,398.249
223.6000,-0.32744,398.484
223.5000,-0.224716,398.716
223.4000,-0.175696,398.941
223.3000,-0.24708,399.154
223.2000,-0.189774,399.371
223.1000,-0.145759,399.588
223.0000,-0.174918,399.804
222.9000,-0.142451,400.015
222.8000,-0.128967,400.223
222.7000,-0.079302,400.435
222.6000,-0.0188091,400.649
222.5000,0.0144785,400.865
222.4000,-0.0567709,401.071
222.3000,-0.206669,401.276
222.2000,-0.326867,401.476
222.1000,-0.31561,401.681
222.0000,-0.247731,401.887
221.9000,-0.304615,402.08
221.8000,-0.328766,402.274
221.7000,-0.410837,402.473
221.6000,-0.398207,402.673
221.5000,-0.286204,402.878
221.4000,-0.105839,403.08
221.3000,-0.141564,403.278
221.2000,-0.298486,403.475
221.1000,-0.43949,403.669
221.0000,-0.447874,403.866
220.9000,-0.33291,404.059
220.8000,-0.362069,404.256
220.7000,-0.285113,404.451
220.6000,-0.194626,404.643
220.5000,-0.108204,404.843
220.4000,-0.0255087,405.029
220.3000,0.159739,405.226
220.2000,0.10353,405.422
220.1000,0.053306,405.613
220.0000,0.131145,405.806
219.9000,0.104308,405.995
219.8000,-0.0495952,406.176
219.7000,-0.1039,406.354
219.6000,-0.135861,406.533
219.5000,-0.0396628,406.715
219.4000,0.142129,406.902
219.3000,0.226357,407.085
219.2000,0.253805,407.264
219.1000,0.0935658,407.435
219.0000,0.02984,407.613
218.9000,0.00391939,407.789
218.8000,0.00775444,407.971
218.7000,-0.0501598,408.148
218.6000,-0.226168,408.319
218.5000,-0.306561,408.492
218.4000,-0.418678,408.671
218.3000,-0.361147,408.847
218.2000,-0.27731,409.026
218.1000,-0.249619,409.201
218.0000,-0.241625,409.379
217.9000,-0.23485,409.557
217.8000,-0.178191,409.727
217.7000,-0.226937,409.897
217.6000,-0.353038,410.06
217.5000,-0.391193,410.236
217.4000,-0.338322,410.408
217.3000,-0.342231,410.576
217.2000,-0.359452,410.746
217.1000,-0.261271,410.916
217.0000,-0.423709,411.081
216.9000,-0.485008,411.247
216.8000,-0.461674,411.416
216.7000,-0.438913,411.577
216.6000,-0.457577,411.744
216.5000,-0.464437,411.913
216.4000,-0.385087,412.077
216.3000,-0.60739,412.228
216.2000,-0.629972,412.39
216.1000,-0.441626,412.563
216.0000,-0.336586,412.729
215.9000,-0.309637,412.892
215.8000,-0.31259,413.05
215.7000,-0.46573,413.204
215.6000,-0.654397,413.366
215.5000,-0.803256,413.529
215.4000,-0.782886,413.696
215.3000,-0.870842,413.852
215.2000,-0.996142,414.008
215.1000,-1.1273,414.178
215.0000,-1.28216,414.345
214.9000,-1.30027,414.517
214.8000,-1.12502,414.684
214.7000,-0.862414,414.862
214.6000,-0.597504,415.037
214.5000,-0.492769,415.211
214.4000,-0.521461,415.38
214.3000,-0.433148,415.546
214.2000,-0.304925,415.711
214.1000,-0.138487,415.875
214.0000,-0.0418254,416.041
213.9000,-0.0750316,416.204
213.8000,-0.114436,416.365
213.7000,-0.235217,416.529
213.6000,-0.0235098,416.704
213.5000,0.235527,416.881
213.4000,0.444742,417.06
213.3000,0.457566,417.235
213.2000,0.404305,417.41
213.1000,0.504986,417.59
213.0000,0.44681,417.77
212.9000,0.484651,417.951
212.8000,0.290794,418.116
212.7000,0.0884409,418.285
212.6000,-0.0911947,418.455
212.5000,-0.194916,418.629
212.4000,-0.303475,418.803
212.3000,-0.512028,418.972
212.2000,-0.661912,419.141
212.1000,-0.81926,419.314
212.0000,-0.942358,419.498
211.9000,-0.950675,419.684
211.8000,-1.04057,419.867
211.7000,-1.00998,420.051
211.6000,-0.988018,420.239
211.5000,-1.03171,420.425
211.4000,-1.05902,420.614
211.3000,-1.01543,420.808
211.2000,-0.874347,420.997
211.1000,-0.682031,421.192
211.0000,-0.402205,421.395
210.9000,-0.19717,421.596
210.8000,-0.247179,421.79
210.7000,-0.113111,421.997
210.6000,0.107003,422.203
210.5000,0.218152,422.408
210.4000,0.260166,422.616
210.3000,0.125736,422.823
210.2000,-0.166481,423.017
210.1000,-0.482778,423.22
210.0000,-0.619177,423.424
209.9000,-0.595822,423.634
209.8000,-0.570535,423.84
209.7000,-0.454129,424.055
209.6000,-0.316124,424.265
209.5000,-0.131974,424.482
209.4000,0.0122008,424.697
209.3000,0.204195,424.912
209.2000,0.435366,425.136
209.1000,0.658789,425.358
209.0000,0.665349,425.572
208.9000,0.634414,425.788
208.8000,0.54768,426.001
208.7000,0.558904,426.217
208.6000,0.534405,426.437
208.5000,0.595957,426.663
208.4000,0.477847,426.88
208.3000,0.229512,427.098
208.2000,0.109626,427.322
208.1000,-0.0252412,427.546
208.0000,-0.0459646,427.774
207.9000,-0.215837,428
207.8000,-0.291473,428.23
207.7000,-0.340336,428.459
207.6000,-0.244207,428.695
207.5000,-0.021045,428.932
207.4000,0.176511,429.165
207.3000,0.354546,429.397
207.2000,0.363833,429.624
207.1000,0.317552,429.849
207.0000,0.202853,430.071
206.9000,0.324429,430.302
206.8000,0.403873,430.53
206.7000,0.366419,430.753
206.6000,0.349828,430.979
206.5000,0.300775,431.207
206.4000,0.358959,431.441
206.3000,0.558777,431.681
206.2000,0.833227,431.919
206.1000,0.703978,432.142
206.0000,0.563496,432.363
205.9000,0.461313,432.588
205.8000,0.251869,432.811
205.7000,0.0596964,433.036
205.6000,-0.0560405,433.264
205.5000,-0.363988,433.488
205.4000,-0.729538,433.708
205.3000,-0.761865,433.943
205.2000,-0.793135,434.185
205.1000,-0.821832,434.428
205.0000,-0.83615,434.672
204.9000,-0.649382,434.923
204.8000,-0.513582,435.172
204.7000,-0.3784,435.426
204.6000,-0.116784,435.686
204.5000,-0.00898547,435.943
204.4000,0.100009,436.197
204.3000,0.228439,436.454
204.2000,0.299572,436.711
204.1000,0.138599,436.958
204.0000,0.103517,437.213
203.9000,0.0753193,437.464
203.8000,-0.0754568,437.716
203.7000,-0.262961,437.966
203.6000,-0.380692,438.223
203.5000,-0.683502,438.475
203.4000,-0.619486,438.741
203.3000,-0.354304,439.016
203.2000,-0.0686911,439.297
203.1000,-0.0159659,439.576
203.0000,0.121854,439.858
202.9000,0.338354,440.146
202.8000,0.375769,440.425
202.7000,0.607253,440.718
202.6000,0.514526,440.997
202.5000,0.400524,441.275
202.4000,0.374079,441.554
202.3000,0.266247,441.832
202.2000,0.186969,442.111
202.1000,0.275933,442.396
202.0000,0.269128,442.684
201.9000,0.0612131,442.972
201.8000,0.00456535,443.268
201.7000,0.0706318,443.575
201.6000,-0.0788148,443.881
201.5000,-0.271303,444.189
201.4000,-0.274023,444.505
201.3000,-0.391741,444.822
201.2000,-0.432343,445.147
201.1000,-0.321803,445.477
201.0000,-0.203589,445.808
200.9000,-0.149011,446.137
200.8000,-0.080184,446.473
200.7000,0.0154133,446.815
200.6000,0.126784,447.164
200.5000,0.181052,447.519
200.4000,0.102223,447.875
200.3000,0.0651366,448.24
200.2000,0.128984,448.609
200.1000,0.157353,448.977
200.0000,0.0464344,449.34
199.9000,-0.119487,449.698
199.8000,-0.429492,450.045
199.7000,-0.527596,450.385
199.6000,-0.376097,450.726
199.5000,-0.231169,451.063
199.4000,-0.29554,451.394
199.3000,-0.396776,451.724
199.2000,-0.499894,452.059
199.1000,-0.343201,452.406
199.0000,-0.234731,452.756
198.9000,-0.129556,453.12
198.8000,-0.0953807,453.492
198.7000,-0.045808,453.878
198.6000,-0.0562674,454.272
198.5000,0.0494516,454.68
198.4000,0.138254,455.096
198.3000,0.0264007,455.509
198.2000,-0.0239757,455.946
198.1000,0.15801,456.408
198.0000,0.0499786,456.884
197.9000,-0.16041,457.372
197.8000,-0.433126,457.864
197.7000,-0.55823,458.374
197.6000,-0.679241,458.883
197.5000,-0.614034,459.4
197.4000,-0.462274,459.9
197.3000,-0.481675,460.367
197.2000,-0.410545,460.794
197.1000,-0.231672,461.183
197.0000,-0.0713146,461.548
196.9000,0.020168,461.888
196.8000,0.155979,462.218
196.7000,0.301351,462.551
196.6000,0.260194,462.888
196.5000,0.23548,463.257
196.4000,0.217016,463.667
196.3000,0.277835,464.124
196.2000,0.324194,464.629
196.1000,0.25839,465.175
196.0000,0.281341,465.777
195.9000,0.12811,466.441
195.8000,0.250202,467.197
195.7000,0.19983,468.044
195.6000,0.0311624,468.982
195.5000,-0.0517945,470.016
195.4000,-0.0455069,471.117
195.3000,0.25293,472.262
195.2000,0.286372,473.4
195.1000,0.0495035,474.491
195.0000,-0.032896,475.48
194.9000,0.0541991,476.314
194.8000,0.314989,476.96
194.7000,0.293506,477.408
194.6000,0.0388162,477.7
194.5000,-0.34953,477.87
194.4000,-0.726264,477.968
194.3000,-0.526459,478.049
194.2000,-0.21216,478.171
194.1000,-0.343401,478.378
194.0000,-0.509134,478.733
193.9000,-0.604944,479.275
193.8000,-0.631538,480.021
193.7000,-0.344516,481.009
193.6000,-0.0394278,482.249
193.5000,0.0298563,483.777
193.4000,-0.166214,485.629
193.3000,-0.178687,487.796
193.2000,-0.0381094,490.226
193.1000,-0.0537609,492.829
193.0000,-0.101323,495.512
192.9000,-0.0281963,498.145
192.8000,-0.0236085,500.596
192.7000,0.0285491,502.68
192.6000,0.2553,504.224
192.5000,0.150054,505.159
192.4000,-9.97714E-005,505.533
192.3000,-0.0364564,505.44
192.2000,0.0728993,504.991
192.1000,0.201487,504.309
192.0000,0.158599,503.533
191.9000,-0.00520638,502.851
191.8000,0.0842193,502.492
191.7000,0.0559885,502.572
191.6000,0.119836,503.155
191.5000,-0.149607,504.229
191.4000,-0.331308,505.813
191.3000,-0.438007,507.951
191.2000,-0.400155,510.657
191.1000,-0.0297283,513.899
191.0000,0.176134,517.555
190.9000,0.126409,521.468
190.8000,-0.0813915,525.48
190.7000,0.0781127,529.441
190.6000,0.0715341,533.128
190.5000,-0.156622,536.295
190.4000,-0.498133,538.702
190.3000,-0.934862,540.247
190.2000,-1.16962,540.973
190.1000,-0.851341,541.031
190.0000,-0.308464,540.604

##### Extended Information
[Comments]
Sample name,Erg_0.8uM
Comment
User
Division
Company,CSIR-IMTECH

[Detailed Information]
Creation date,4/9/2024 1:32 PM

Data array type,Linear data array * 2
Horizontal axis,Wavelength [nm]
Vertical axis(1),CD [mdeg]
Vertical axis(2),HT [V]
Start,350 nm
End,190 nm
Data interval,0.1 nm
Data points,1601    

[Measurement Information]
Instrument Name,JASCO CD
Model Name,J-815
Serial No.,B063061168

Accessory,PTC-423S
Accessory S/N,C013945-01
  Temperature,37.48 C
  Control Sonsor,Cell
  Monitor Sensor,Cell
  Start Mode,Start immediately
  Cell Length,10 mm

Measurement date,4/9/2024 1:31 PM

Photometric Mode,CD, HT
Measure Range,350 - 190 nm
Data pitch,0.1 nm
Sensitivity,Standard
D.I.T.,1 sec
Bandwidth,1.00 nm
Start Mode,Immediately
Scanning Speed,50 nm/min
Baseline Correction,None
Shutter Control,Auto
CD Detector,PMT
PMT Voltage,Auto
Accumulations,3
Concentration,0.8 umol/L

