TITLE,ACE2
DATA TYPE,
ORIGIN,JASCO
OWNER,
DATE,24/04/08
TIME,16:31:20
SPECTROMETER/DATA SYSTEM,
LOCALE,1033
RESOLUTION,
DELTAX,-0.1
XUNITS,NANOMETERS
YUNITS,CD [mdeg]
Y2UNITS,HT [V]
FIRSTX,  350.0000
LASTX,  190.0000
NPOINTS,    1601
FIRSTY,    -1.32534
MAXY,     5.85765
MINY,    -2.99210
XYDATA
350.0000,-1.32534,498.835
349.9000,-1.3705,498.228
349.8000,-1.4983,497.326
349.7000,-1.7308,496.403
349.6000,-1.87972,495.733
349.5000,-1.72408,495.161
349.4000,-1.84367,494.277
349.3000,-1.60877,493.669
349.2000,-1.26193,493.162
349.1000,-1.18504,492.329
349.0000,-1.11806,491.703
348.9000,-0.986941,491.162
348.8000,-1.12444,490.321
348.7000,-1.04524,489.47
348.6000,-1.01578,488.859
348.5000,-0.910706,488.329
348.4000,-0.975636,487.448
348.3000,-0.907961,486.793
348.2000,-0.711383,486.227
348.1000,-0.613434,485.36
348.0000,-0.446628,484.698
347.9000,-0.198764,484.121
347.8000,-0.207535,483.257
347.7000,-0.364709,482.364
347.6000,-0.265707,481.738
347.5000,-0.0614942,481.229
347.4000,0.0518926,480.423
347.3000,-0.164982,479.812
347.2000,-0.142579,479.302
347.1000,-0.365994,478.546
347.0000,-0.594272,477.99
346.9000,-0.415534,477.529
346.8000,-0.270962,476.798
346.7000,-0.524506,476.036
346.6000,-0.736441,475.476
346.5000,-0.565784,474.736
346.4000,-0.353335,473.98
346.3000,-0.321531,473.384
346.2000,-0.0785027,472.611
346.1000,0.147343,471.823
346.0000,0.128824,471.23
345.9000,0.473066,470.721
345.8000,0.723732,469.926
345.7000,0.558297,469.336
345.6000,0.36764,468.835
345.5000,0.574191,468.13
345.4000,0.662225,467.614
345.3000,0.489448,467.17
345.2000,0.560708,466.466
345.1000,0.35171,465.752
345.0000,0.0366373,465.228
344.9000,-0.0621199,464.573
344.8000,-0.0193448,463.905
344.7000,-0.0538259,463.385
344.6000,-0.282069,462.694
344.5000,-0.646906,461.976
344.4000,-0.792323,461.448
344.3000,-0.861773,460.781
344.2000,-0.965344,460.099
344.1000,-1.00306,459.583
344.0000,-1.17013,458.905
343.9000,-1.3938,458.218
343.8000,-1.48762,457.723
343.7000,-1.20999,457.32
343.6000,-0.829934,456.696
343.5000,-0.777257,456.234
343.4000,-0.675714,455.844
343.3000,-0.553619,455.205
343.2000,-0.39459,454.742
343.1000,-0.131985,454.351
343.0000,0.0629269,453.775
342.9000,0.108875,453.174
342.8000,-0.142937,452.711
342.7000,-0.185624,452.088
342.6000,-0.207817,451.449
342.5000,-0.336809,450.98
342.4000,-0.510011,450.397
342.3000,-0.593027,449.806
342.2000,-0.658606,449.343
342.1000,-0.806765,448.736
342.0000,-0.781982,448.134
341.9000,-0.823266,447.709
341.8000,-0.829337,447.149
341.7000,-0.746758,446.582
341.6000,-0.478462,446.163
341.5000,-0.563352,445.627
341.4000,-0.742266,445.08
341.3000,-0.80348,444.676
341.2000,-0.901738,444.111
341.1000,-0.902741,443.534
341.0000,-0.986341,443.097
340.9000,-0.974936,442.539
340.8000,-1.07589,441.961
340.7000,-1.00418,441.508
340.6000,-0.854897,440.948
340.5000,-0.76298,440.382
340.4000,-0.540691,439.975
340.3000,-0.387456,439.443
340.2000,-0.222515,438.914
340.1000,-0.213987,438.532
340.0000,-0.0844541,438.055
339.9000,0.087561,437.581
339.8000,0.0672614,437.221
339.7000,-0.00400357,436.762
339.6000,-0.194969,436.293
339.5000,-0.350908,435.966
339.4000,-0.611081,435.503
339.3000,-0.64373,435.019
339.2000,-0.944014,434.488
339.1000,-1.09004,434.01
339.0000,-1.11715,433.52
338.9000,-0.97978,432.954
338.8000,-0.732124,432.433
338.7000,-0.530126,431.904
338.6000,-0.295765,431.34
338.5000,-0.113408,430.851
338.4000,0.127776,430.49
338.3000,0.204571,430.031
338.2000,0.104639,429.567
338.1000,0.176037,429.253
338.0000,0.183675,428.841
337.9000,0.111739,428.419
337.8000,-0.0480526,428.12
337.7000,-0.190104,427.724
337.6000,-0.214992,427.308
337.5000,-0.119578,426.995
337.4000,-0.190542,426.589
337.3000,-0.26093,426.163
337.2000,-0.351187,425.677
337.1000,-0.385951,425.243
337.0000,-0.264903,424.811
336.9000,-0.249978,424.335
336.8000,-0.456337,423.913
336.7000,-0.642663,423.499
336.6000,-0.634465,423.045
336.5000,-0.57593,422.635
336.4000,-0.58644,422.352
336.3000,-0.6849,421.955
336.2000,-0.855161,421.545
336.1000,-0.962442,421.243
336.0000,-0.881479,420.877
335.9000,-0.752093,420.489
335.8000,-0.636659,420.049
335.7000,-0.476263,419.653
335.6000,-0.412942,419.243
335.5000,-0.415945,418.815
335.4000,-0.295746,418.45
335.3000,-0.196778,418.087
335.2000,-0.0860756,417.696
335.1000,-0.0131094,417.349
335.0000,-0.0298232,417.12
334.9000,-0.238096,416.797
334.8000,-0.277996,416.465
334.7000,-0.346309,416.098
334.6000,-0.350264,415.781
334.5000,-0.396523,415.447
334.4000,-0.498841,415.05
334.3000,-0.647539,414.677
334.2000,-0.740674,414.288
334.1000,-0.757499,413.856
334.0000,-0.864804,413.471
333.9000,-0.837362,413.189
333.8000,-0.862562,412.834
333.7000,-0.868144,412.474
333.6000,-0.745985,412.091
333.5000,-0.620526,411.767
333.4000,-0.523379,411.441
333.3000,-0.448129,411.103
333.2000,-0.318339,410.818
333.1000,-0.379497,410.521
333.0000,-0.459233,410.197
332.9000,-0.434808,409.903
332.8000,-0.433614,409.56
332.7000,-0.437541,409.249
332.6000,-0.408882,408.926
332.5000,-0.438097,408.574
332.4000,-0.506481,408.26
332.3000,-0.455111,407.947
332.2000,-0.186404,407.595
332.1000,-0.0630152,407.266
332.0000,-0.139726,406.922
331.9000,-0.325613,406.628
331.8000,-0.392116,406.342
331.7000,-0.371836,406.018
331.6000,-0.349458,405.719
331.5000,-0.328834,405.3
331.4000,-0.473415,404.96
331.3000,-0.681244,404.659
331.2000,-0.754194,404.324
331.1000,-0.743222,404.022
331.0000,-0.839649,403.71
330.9000,-0.916175,403.389
330.8000,-0.87162,403.112
330.7000,-0.79048,402.801
330.6000,-0.723287,402.529
330.5000,-0.608324,402.262
330.4000,-0.503017,401.975
330.3000,-0.376246,401.733
330.2000,-0.217552,401.375
330.1000,-0.122927,401.08
330.0000,-0.275155,400.809
329.9000,-0.452421,400.515
329.8000,-0.654127,400.253
329.7000,-0.683517,399.903
329.6000,-0.683459,399.626
329.5000,-0.672437,399.38
329.4000,-0.727772,399.075
329.3000,-0.785269,398.805
329.2000,-0.712435,398.441
329.1000,-0.529991,398.162
329.0000,-0.450812,397.918
328.9000,-0.420055,397.631
328.8000,-0.397617,397.371
328.7000,-0.35815,397.024
328.6000,-0.323169,396.777
328.5000,-0.347633,396.575
328.4000,-0.320726,396.326
328.3000,-0.425878,396.095
328.2000,-0.427513,395.781
328.1000,-0.479694,395.534
328.0000,-0.483752,395.323
327.9000,-0.619761,395.053
327.8000,-0.794582,394.804
327.7000,-0.773193,394.513
327.6000,-0.820733,394.304
327.5000,-0.894827,394.137
327.4000,-0.968117,393.864
327.3000,-0.97197,393.622
327.2000,-1.00873,393.319
327.1000,-1.02267,393.1
327.0000,-0.864719,392.924
326.9000,-0.832767,392.654
326.8000,-0.797282,392.383
326.7000,-0.844319,392.057
326.6000,-0.752248,391.849
326.5000,-0.57893,391.697
326.4000,-0.51383,391.435
326.3000,-0.448178,391.183
326.2000,-0.485458,390.897
326.1000,-0.541706,390.701
326.0000,-0.551008,390.39
325.9000,-0.538461,390.113
325.8000,-0.382761,389.86
325.7000,-0.45437,389.612
325.6000,-0.528743,389.467
325.5000,-0.624861,389.163
325.4000,-0.720662,388.871
325.3000,-0.785917,388.582
325.2000,-0.804353,388.408
325.1000,-0.725949,388.292
325.0000,-0.789502,388.002
324.9000,-0.834455,387.697
324.8000,-0.812056,387.374
324.7000,-0.678889,387.207
324.6000,-0.60744,387.118
324.5000,-0.573339,386.843
324.4000,-0.529346,386.568
324.3000,-0.5026,386.309
324.2000,-0.462659,386.168
324.1000,-0.459935,385.901
324.0000,-0.526427,385.63
323.9000,-0.620677,385.353
323.8000,-0.643798,385.105
323.7000,-0.547175,384.987
323.6000,-0.510591,384.715
323.5000,-0.518764,384.418
323.4000,-0.517135,384.121
323.3000,-0.44411,383.964
323.2000,-0.432216,383.869
323.1000,-0.397978,383.607
323.0000,-0.320575,383.322
322.9000,-0.258235,383.033
322.8000,-0.173585,382.892
322.7000,-0.108241,382.641
322.6000,-0.0958855,382.364
322.5000,-0.157172,382.084
322.4000,-0.189279,381.802
322.3000,-0.116179,381.634
322.2000,-0.134662,381.333
322.1000,-0.236599,381.005
322.0000,-0.404665,380.676
321.9000,-0.597228,380.478
321.8000,-0.621167,380.173
321.7000,-0.606478,379.859
321.6000,-0.66245,379.539
321.5000,-0.77831,379.238
321.4000,-0.827449,379.084
321.3000,-0.913129,378.862
321.2000,-0.940396,378.642
321.1000,-0.948886,378.429
321.0000,-1.01561,378.362
320.9000,-1.1034,378.213
320.8000,-1.08495,378.066
320.7000,-1.14521,377.922
320.6000,-1.17341,377.771
320.5000,-1.11033,377.722
320.4000,-1.02339,377.564
320.3000,-0.81835,377.392
320.2000,-0.603217,377.226
320.1000,-0.452384,377.164
320.0000,-0.403964,377.002
319.9000,-0.341916,376.826
319.8000,-0.282224,376.644
319.7000,-0.332513,376.455
319.6000,-0.46425,376.233
319.5000,-0.55267,376.065
319.4000,-0.566226,375.884
319.3000,-0.650567,375.67
319.2000,-0.630684,375.56
319.1000,-0.596229,375.354
319.0000,-0.583075,375.133
318.9000,-0.564567,374.905
318.8000,-0.496332,374.779
318.7000,-0.447281,374.553
318.6000,-0.512311,374.316
318.5000,-0.539856,374.108
318.4000,-0.61857,373.898
318.3000,-0.670768,373.672
318.2000,-0.705747,373.501
318.1000,-0.67318,373.336
318.0000,-0.615823,373.156
317.9000,-0.575621,373.084
317.8000,-0.432418,372.957
317.7000,-0.429819,372.806
317.6000,-0.406451,372.624
317.5000,-0.294438,372.526
317.4000,-0.207076,372.356
317.3000,-0.134979,372.173
317.2000,-0.188546,371.972
317.1000,-0.240476,371.771
317.0000,-0.391113,371.509
316.9000,-0.465035,371.291
316.8000,-0.443895,371.101
316.7000,-0.577253,370.908
316.6000,-0.661573,370.71
316.5000,-0.73911,370.548
316.4000,-0.77573,370.379
316.3000,-0.785413,370.204
316.2000,-0.740482,370.034
316.1000,-0.72279,369.908
316.0000,-0.798066,369.777
315.9000,-0.783672,369.606
315.8000,-0.813597,369.493
315.7000,-0.90704,369.313
315.6000,-0.886109,369.154
315.5000,-0.855961,368.98
315.4000,-0.839301,368.873
315.3000,-0.872799,368.676
315.2000,-0.779278,368.472
315.1000,-0.632468,368.288
315.0000,-0.634163,368.104
314.9000,-0.631456,367.913
314.8000,-0.60082,367.752
314.7000,-0.695281,367.578
314.6000,-0.749067,367.406
314.5000,-0.794172,367.245
314.4000,-0.735245,367.132
314.3000,-0.795644,366.983
314.2000,-0.698289,366.844
314.1000,-0.574105,366.664
314.0000,-0.48799,366.506
313.9000,-0.478566,366.346
313.8000,-0.409219,366.195
313.7000,-0.317421,365.976
313.6000,-0.329663,365.774
313.5000,-0.372668,365.586
313.4000,-0.447544,365.4
313.3000,-0.451757,365.224
313.2000,-0.4487,365.079
313.1000,-0.416508,364.921
313.0000,-0.419633,364.76
312.9000,-0.468207,364.612
312.8000,-0.414135,364.509
312.7000,-0.418611,364.374
312.6000,-0.50426,364.239
312.5000,-0.55327,364.073
312.4000,-0.565022,363.922
312.3000,-0.570545,363.751
312.2000,-0.533881,363.587
312.1000,-0.507412,363.364
312.0000,-0.510003,363.153
311.9000,-0.515044,362.947
311.8000,-0.445031,362.702
311.7000,-0.423361,362.505
311.6000,-0.467629,362.298
311.5000,-0.538273,362.128
311.4000,-0.585814,361.914
311.3000,-0.596005,361.777
311.2000,-0.674077,361.64
311.1000,-0.710965,361.531
311.0000,-0.850777,361.408
310.9000,-0.952749,361.309
310.8000,-0.996831,361.2
310.7000,-1.01925,361.105
310.6000,-0.976921,360.983
310.5000,-0.992753,360.877
310.4000,-0.952007,360.777
310.3000,-0.975955,360.684
310.2000,-0.9369,360.598
310.1000,-0.895131,360.528
310.0000,-0.818479,360.45
309.9000,-0.763622,360.382
309.8000,-0.745709,360.318
309.7000,-0.776686,360.228
309.6000,-0.806322,360.155
309.5000,-0.795817,360.04
309.4000,-0.730565,359.948
309.3000,-0.62106,359.813
309.2000,-0.588276,359.704
309.1000,-0.579763,359.529
309.0000,-0.607856,359.378
308.9000,-0.54352,359.244
308.8000,-0.500068,359.121
308.7000,-0.544985,359.003
308.6000,-0.590806,358.901
308.5000,-0.710037,358.789
308.4000,-0.832943,358.664
308.3000,-0.941081,358.59
308.2000,-0.924826,358.488
308.1000,-0.860323,358.412
308.0000,-0.853334,358.308
307.9000,-0.811996,358.22
307.8000,-0.779537,358.081
307.7000,-0.740468,357.97
307.6000,-0.659043,357.844
307.5000,-0.544027,357.675
307.4000,-0.503691,357.546
307.3000,-0.539108,357.415
307.2000,-0.60991,357.309
307.1000,-0.607798,357.172
307.0000,-0.625013,357.076
306.9000,-0.627045,356.979
306.8000,-0.637572,356.918
306.7000,-0.656483,356.854
306.6000,-0.633857,356.766
306.5000,-0.6654,356.685
306.4000,-0.616561,356.56
306.3000,-0.669875,356.467
306.2000,-0.659572,356.344
306.1000,-0.602096,356.237
306.0000,-0.571307,356.089
305.9000,-0.647514,355.979
305.8000,-0.696739,355.896
305.7000,-0.695353,355.781
305.6000,-0.604313,355.706
305.5000,-0.560406,355.623
305.4000,-0.459368,355.574
305.3000,-0.418614,355.483
305.2000,-0.414841,355.419
305.1000,-0.388202,355.336
305.0000,-0.399719,355.21
304.9000,-0.444163,355.122
304.8000,-0.510093,355.007
304.7000,-0.604631,354.906
304.6000,-0.671709,354.772
304.5000,-0.720419,354.66
304.4000,-0.772428,354.57
304.3000,-0.849154,354.452
304.2000,-0.883021,354.388
304.1000,-0.881542,354.322
304.0000,-0.894334,354.283
303.9000,-0.849285,354.202
303.8000,-0.852482,354.119
303.7000,-0.83135,354.066
303.6000,-0.836239,353.958
303.5000,-0.702708,353.888
303.4000,-0.636037,353.798
303.3000,-0.665765,353.682
303.2000,-0.696727,353.571
303.1000,-0.751768,353.479
303.0000,-0.780805,353.428
302.9000,-0.820562,353.337
302.8000,-0.851094,353.262
302.7000,-0.891008,353.201
302.6000,-0.85222,353.117
302.5000,-0.726798,353.071
302.4000,-0.675307,353.01
302.3000,-0.584049,352.913
302.2000,-0.550444,352.818
302.1000,-0.511871,352.727
302.0000,-0.54633,352.666
301.9000,-0.600263,352.576
301.8000,-0.711771,352.492
301.7000,-0.830961,352.426
301.6000,-0.910688,352.335
301.5000,-0.923118,352.29
301.4000,-0.914704,352.239
301.3000,-0.936194,352.155
301.2000,-0.910314,352.081
301.1000,-0.822073,352.019
301.0000,-0.750794,351.99
300.9000,-0.683475,351.916
300.8000,-0.606629,351.842
300.7000,-0.553072,351.783
300.6000,-0.55513,351.702
300.5000,-0.570043,351.638
300.4000,-0.60143,351.588
300.3000,-0.66465,351.51
300.2000,-0.790575,351.431
300.1000,-0.854728,351.371
300.0000,-0.908728,351.304
299.9000,-0.999572,351.243
299.8000,-1.09451,351.184
299.7000,-1.16586,351.114
299.6000,-1.07052,351.057
299.5000,-0.996716,350.998
299.4000,-0.95516,350.95
299.3000,-0.883643,350.885
299.2000,-0.855597,350.831
299.1000,-0.848718,350.792
299.0000,-0.761215,350.732
298.9000,-0.609549,350.69
298.8000,-0.555405,350.655
298.7000,-0.670119,350.59
298.6000,-0.721346,350.536
298.5000,-0.770312,350.478
298.4000,-0.797916,350.412
298.3000,-0.843874,350.356
298.2000,-0.904443,350.292
298.1000,-1.03098,350.225
298.0000,-1.1482,350.163
297.9000,-1.15184,350.116
297.8000,-1.13086,350.051
297.7000,-1.08541,350.003
297.6000,-1.08232,349.964
297.5000,-1.05506,349.894
297.4000,-1.03063,349.845
297.3000,-0.994601,349.801
297.2000,-1.00376,349.731
297.1000,-1.05834,349.678
297.0000,-1.07576,349.624
296.9000,-1.11007,349.552
296.8000,-1.1162,349.497
296.7000,-1.10826,349.45
296.6000,-1.11047,349.412
296.5000,-1.13253,349.365
296.4000,-1.2002,349.326
296.3000,-1.21528,349.296
296.2000,-1.21947,349.254
296.1000,-1.19862,349.217
296.0000,-1.13945,349.189
295.9000,-1.10564,349.143
295.8000,-1.10374,349.079
295.7000,-1.03864,349.038
295.6000,-0.924559,348.997
295.5000,-0.796732,348.939
295.4000,-0.686554,348.872
295.3000,-0.695721,348.832
295.2000,-0.75711,348.772
295.1000,-0.813675,348.701
295.0000,-0.806556,348.662
294.9000,-0.856956,348.61
294.8000,-0.961882,348.534
294.7000,-1.03767,348.485
294.6000,-1.12761,348.441
294.5000,-1.07794,348.382
294.4000,-0.955555,348.343
294.3000,-0.870668,348.317
294.2000,-0.867558,348.265
294.1000,-0.836475,348.228
294.0000,-0.734572,348.208
293.9000,-0.616656,348.168
293.8000,-0.599207,348.14
293.7000,-0.679605,348.116
293.6000,-0.769246,348.061
293.5000,-0.838199,347.997
293.4000,-0.880858,347.965
293.3000,-0.876369,347.919
293.2000,-0.900155,347.862
293.1000,-0.974883,347.834
293.0000,-1.0254,347.783
292.9000,-0.967158,347.734
292.8000,-0.985306,347.716
292.7000,-0.999221,347.692
292.6000,-1.00065,347.652
292.5000,-1.05298,347.596
292.4000,-1.11757,347.561
292.3000,-1.21412,347.508
292.2000,-1.19547,347.459
292.1000,-1.17612,347.433
292.0000,-1.18696,347.385
291.9000,-1.11252,347.331
291.8000,-1.06738,347.286
291.7000,-1.01917,347.268
291.6000,-1.02033,347.225
291.5000,-0.975314,347.177
291.4000,-0.988525,347.151
291.3000,-1.02626,347.094
291.2000,-1.05001,347.021
291.1000,-1.14508,346.951
291.0000,-1.25658,346.896
290.9000,-1.31001,346.819
290.8000,-1.31886,346.723
290.7000,-1.20983,346.623
290.6000,-1.19185,346.509
290.5000,-1.18242,346.372
290.4000,-1.19649,346.23
290.3000,-1.1315,346.106
290.2000,-1.0905,345.956
290.1000,-1.10972,345.791
290.0000,-1.0979,345.646
289.9000,-1.14256,345.546
289.8000,-1.13643,345.46
289.7000,-1.07307,345.403
289.6000,-1.03272,345.382
289.5000,-1.04555,345.401
289.4000,-1.05524,345.445
289.3000,-1.04524,345.525
289.2000,-1.00666,345.625
289.1000,-1.06187,345.74
289.0000,-1.14885,345.845
288.9000,-1.27518,345.947
288.8000,-1.24196,346.046
288.7000,-1.2445,346.133
288.6000,-1.16294,346.199
288.5000,-1.07818,346.253
288.4000,-1.06421,346.284
288.3000,-1.04597,346.306
288.2000,-0.982076,346.307
288.1000,-0.937099,346.298
288.0000,-0.977778,346.274
287.9000,-1.03927,346.235
287.8000,-1.09562,346.211
287.7000,-1.18774,346.181
287.6000,-1.2119,346.158
287.5000,-1.1904,346.124
287.4000,-1.15291,346.106
287.3000,-1.11979,346.093
287.2000,-1.06459,346.078
287.1000,-1.00473,346.068
287.0000,-0.994961,346.03
286.9000,-0.98648,346.008
286.8000,-0.942153,345.997
286.7000,-0.888704,345.98
286.6000,-0.876619,345.956
286.5000,-0.894385,345.947
286.4000,-0.998123,345.939
286.3000,-1.03549,345.937
286.2000,-1.02093,345.937
286.1000,-0.968482,345.932
286.0000,-0.913346,345.936
285.9000,-0.976293,345.928
285.8000,-1.02784,345.923
285.7000,-1.02787,345.892
285.6000,-0.925762,345.867
285.5000,-0.896807,345.865
285.4000,-0.845906,345.862
285.3000,-0.83289,345.861
285.2000,-0.787737,345.832
285.1000,-0.742843,345.814
285.0000,-0.729321,345.821
284.9000,-0.71896,345.819
284.8000,-0.671679,345.825
284.7000,-0.591849,345.806
284.6000,-0.555811,345.792
284.5000,-0.534802,345.8
284.4000,-0.578367,345.807
284.3000,-0.564023,345.821
284.2000,-0.614787,345.799
284.1000,-0.62234,345.791
284.0000,-0.682774,345.772
283.9000,-0.747695,345.774
283.8000,-0.820233,345.784
283.7000,-0.874499,345.767
283.6000,-0.843065,345.754
283.5000,-0.818991,345.738
283.4000,-0.728201,345.735
283.3000,-0.654863,345.753
283.2000,-0.696473,345.773
283.1000,-0.742504,345.786
283.0000,-0.761432,345.777
282.9000,-0.752875,345.772
282.8000,-0.780381,345.769
282.7000,-0.86741,345.785
282.6000,-1.05888,345.8
282.5000,-1.14638,345.799
282.4000,-1.14359,345.79
282.3000,-1.17861,345.777
282.2000,-1.12704,345.772
282.1000,-1.05654,345.791
282.0000,-1.01108,345.81
281.9000,-1.01936,345.813
281.8000,-0.96352,345.81
281.7000,-0.882524,345.806
281.6000,-0.833966,345.805
281.5000,-0.811456,345.805
281.4000,-0.794849,345.829
281.3000,-0.780975,345.837
281.2000,-0.813145,345.834
281.1000,-0.802641,345.832
281.0000,-0.720362,345.832
280.9000,-0.757477,345.829
280.8000,-0.808729,345.826
280.7000,-0.819601,345.828
280.6000,-0.807146,345.832
280.5000,-0.846802,345.828
280.4000,-0.862135,345.823
280.3000,-0.781622,345.819
280.2000,-0.818997,345.809
280.1000,-0.846592,345.798
280.0000,-0.840763,345.787
279.9000,-0.843064,345.778
279.8000,-0.827857,345.756
279.7000,-0.809687,345.746
279.6000,-0.816531,345.737
279.5000,-0.874112,345.731
279.4000,-0.867307,345.727
279.3000,-0.805906,345.726
279.2000,-0.748169,345.725
279.1000,-0.679526,345.725
279.0000,-0.614841,345.725
278.9000,-0.629922,345.712
278.8000,-0.613539,345.718
278.7000,-0.589413,345.73
278.6000,-0.600949,345.745
278.5000,-0.691207,345.76
278.4000,-0.735414,345.779
278.3000,-0.810605,345.798
278.2000,-0.871967,345.819
278.1000,-0.88174,345.84
278.0000,-0.877374,345.846
277.9000,-0.829328,345.844
277.8000,-0.811501,345.839
277.7000,-0.790412,345.835
277.6000,-0.818182,345.849
277.5000,-0.802734,345.864
277.4000,-0.790387,345.88
277.3000,-0.760633,345.899
277.2000,-0.740939,345.919
277.1000,-0.815211,345.933
277.0000,-0.899122,345.948
276.9000,-0.941624,345.965
276.8000,-0.91544,345.967
276.7000,-0.910737,345.962
276.6000,-0.939922,345.959
276.5000,-0.930288,345.96
276.4000,-0.947616,345.959
276.3000,-0.93214,345.964
276.2000,-0.836508,345.975
276.1000,-0.779313,345.991
276.0000,-0.775784,346.022
275.9000,-0.772687,346.055
275.8000,-0.691397,346.09
275.7000,-0.652102,346.125
275.6000,-0.650785,346.158
275.5000,-0.622638,346.186
275.4000,-0.626928,346.211
275.3000,-0.759409,346.23
275.2000,-0.827231,346.243
275.1000,-0.774329,346.253
275.0000,-0.784924,346.253
274.9000,-0.824642,346.25
274.8000,-0.887245,346.246
274.7000,-0.985795,346.245
274.6000,-1.04163,346.249
274.5000,-0.945299,346.26
274.4000,-0.81469,346.268
274.3000,-0.80995,346.275
274.2000,-0.794391,346.285
274.1000,-0.814268,346.302
274.0000,-0.794724,346.316
273.9000,-0.730836,346.334
273.8000,-0.68088,346.354
273.7000,-0.703168,346.374
273.6000,-0.789194,346.388
273.5000,-0.772394,346.406
273.4000,-0.839167,346.417
273.3000,-0.902731,346.431
273.2000,-0.888017,346.449
273.1000,-0.898583,346.47
273.0000,-0.939478,346.485
272.9000,-0.927484,346.5
272.8000,-0.885601,346.514
272.7000,-0.903717,346.531
272.6000,-0.946963,346.549
272.5000,-0.990944,346.567
272.4000,-1.04053,346.584
272.3000,-1.15652,346.598
272.2000,-1.13356,346.62
272.1000,-1.21663,346.64
272.0000,-1.27651,346.665
271.9000,-1.27989,346.688
271.8000,-1.25593,346.706
271.7000,-1.2085,346.727
271.6000,-1.16202,346.743
271.5000,-1.07837,346.757
271.4000,-1.05221,346.765
271.3000,-1.01631,346.771
271.2000,-0.970984,346.772
271.1000,-0.982992,346.775
271.0000,-0.954856,346.78
270.9000,-0.861324,346.773
270.8000,-0.774987,346.768
270.7000,-0.7173,346.764
270.6000,-0.636437,346.763
270.5000,-0.637648,346.763
270.4000,-0.617483,346.767
270.3000,-0.512057,346.769
270.2000,-0.504553,346.768
270.1000,-0.565495,346.771
270.0000,-0.636111,346.775
269.9000,-0.642969,346.785
269.8000,-0.655158,346.798
269.7000,-0.667066,346.808
269.6000,-0.618114,346.828
269.5000,-0.637961,346.85
269.4000,-0.671192,346.862
269.3000,-0.681371,346.882
269.2000,-0.635336,346.911
269.1000,-0.61951,346.944
269.0000,-0.643041,346.972
268.9000,-0.584962,347.012
268.8000,-0.550474,347.043
268.7000,-0.596835,347.075
268.6000,-0.637505,347.117
268.5000,-0.673209,347.176
268.4000,-0.667876,347.242
268.3000,-0.648641,347.299
268.2000,-0.628322,347.36
268.1000,-0.691331,347.401
268.0000,-0.737851,347.447
267.9000,-0.738591,347.488
267.8000,-0.702781,347.544
267.7000,-0.656893,347.595
267.6000,-0.6325,347.651
267.5000,-0.669924,347.705
267.4000,-0.741837,347.74
267.3000,-0.796597,347.783
267.2000,-0.822921,347.824
267.1000,-0.806753,347.879
267.0000,-0.792632,347.928
266.9000,-0.789136,347.979
266.8000,-0.712628,348.017
266.7000,-0.634902,348.037
266.6000,-0.561592,348.077
266.5000,-0.524175,348.129
266.4000,-0.511211,348.199
266.3000,-0.50541,348.262
266.2000,-0.541215,348.323
266.1000,-0.491759,348.379
266.0000,-0.526215,348.418
265.9000,-0.558872,348.477
265.8000,-0.622494,348.538
265.7000,-0.606811,348.596
265.6000,-0.541767,348.65
265.5000,-0.510906,348.703
265.4000,-0.49368,348.744
265.3000,-0.445826,348.791
265.2000,-0.431889,348.854
265.1000,-0.461291,348.919
265.0000,-0.504729,348.981
264.9000,-0.509312,349.053
264.8000,-0.540374,349.109
264.7000,-0.556678,349.163
264.6000,-0.490626,349.234
264.5000,-0.593731,349.31
264.4000,-0.684881,349.384
264.3000,-0.679099,349.448
264.2000,-0.565314,349.518
264.1000,-0.547485,349.583
264.0000,-0.581377,349.658
263.9000,-0.611588,349.731
263.8000,-0.732361,349.792
263.7000,-0.73954,349.859
263.6000,-0.750521,349.931
263.5000,-0.785209,350.012
263.4000,-0.862042,350.106
263.3000,-0.914307,350.18
263.2000,-0.972175,350.245
263.1000,-1.02491,350.32
263.0000,-0.935291,350.412
262.9000,-0.878353,350.487
262.8000,-0.724605,350.557
262.7000,-0.601294,350.629
262.6000,-0.555878,350.694
262.5000,-0.476675,350.77
262.4000,-0.396339,350.844
262.3000,-0.357883,350.919
262.2000,-0.370059,350.986
262.1000,-0.416762,351.072
262.0000,-0.553281,351.147
261.9000,-0.66977,351.224
261.8000,-0.728422,351.304
261.7000,-0.798555,351.37
261.6000,-0.821098,351.453
261.5000,-0.808399,351.549
261.4000,-0.805339,351.649
261.3000,-0.902522,351.726
261.2000,-0.904263,351.812
261.1000,-0.81633,351.902
261.0000,-0.711005,351.993
260.9000,-0.633045,352.077
260.8000,-0.619515,352.168
260.7000,-0.581127,352.256
260.6000,-0.542881,352.333
260.5000,-0.484406,352.42
260.4000,-0.417701,352.517
260.3000,-0.413909,352.608
260.2000,-0.492749,352.673
260.1000,-0.59772,352.745
260.0000,-0.665113,352.825
259.9000,-0.740127,352.891
259.8000,-0.820342,352.972
259.7000,-0.845684,353.063
259.6000,-0.801079,353.135
259.5000,-0.805097,353.203
259.4000,-0.79137,353.287
259.3000,-0.714114,353.366
259.2000,-0.669862,353.441
259.1000,-0.570097,353.521
259.0000,-0.513458,353.59
258.9000,-0.410992,353.658
258.8000,-0.411319,353.742
258.7000,-0.42665,353.824
258.6000,-0.390969,353.913
258.5000,-0.400096,354.018
258.4000,-0.411151,354.122
258.3000,-0.428418,354.232
258.2000,-0.479574,354.349
258.1000,-0.489951,354.456
258.0000,-0.516454,354.559
257.9000,-0.514903,354.667
257.8000,-0.587888,354.76
257.7000,-0.552566,354.86
257.6000,-0.504298,354.971
257.5000,-0.445825,355.07
257.4000,-0.433499,355.168
257.3000,-0.441195,355.259
257.2000,-0.42504,355.358
257.1000,-0.407442,355.458
257.0000,-0.38646,355.564
256.9000,-0.339756,355.676
256.8000,-0.353316,355.761
256.7000,-0.405865,355.848
256.6000,-0.422661,355.936
256.5000,-0.361425,356.016
256.4000,-0.343043,356.093
256.3000,-0.384141,356.153
256.2000,-0.409019,356.222
256.1000,-0.479743,356.303
256.0000,-0.563943,356.38
255.9000,-0.622121,356.461
255.8000,-0.637833,356.531
255.7000,-0.702085,356.625
255.6000,-0.749904,356.728
255.5000,-0.727919,356.826
255.4000,-0.690499,356.93
255.3000,-0.647807,357.02
255.2000,-0.621443,357.116
255.1000,-0.656228,357.209
255.0000,-0.621199,357.325
254.9000,-0.602225,357.427
254.8000,-0.649775,357.517
254.7000,-0.742829,357.627
254.6000,-0.705378,357.738
254.5000,-0.705175,357.851
254.4000,-0.771349,357.956
254.3000,-0.816855,358.073
254.2000,-0.882412,358.175
254.1000,-0.930891,358.277
254.0000,-0.937894,358.373
253.9000,-0.919308,358.459
253.8000,-0.851733,358.531
253.7000,-0.828734,358.604
253.6000,-0.815068,358.677
253.5000,-0.793282,358.753
253.4000,-0.762476,358.819
253.3000,-0.711754,358.89
253.2000,-0.599663,358.964
253.1000,-0.634743,359.046
253.0000,-0.642258,359.135
252.9000,-0.693243,359.222
252.8000,-0.697111,359.298
252.7000,-0.679217,359.377
252.6000,-0.64207,359.457
252.5000,-0.689311,359.53
252.4000,-0.819468,359.593
252.3000,-0.815937,359.664
252.2000,-0.87826,359.724
252.1000,-0.941452,359.792
252.0000,-0.971235,359.87
251.9000,-0.960032,359.94
251.8000,-1.00327,360.014
251.7000,-0.892033,360.095
251.6000,-0.807631,360.192
251.5000,-0.725331,360.293
251.4000,-0.616116,360.414
251.3000,-0.53489,360.537
251.2000,-0.39745,360.653
251.1000,-0.346119,360.773
251.0000,-0.337621,360.885
250.9000,-0.375471,361.002
250.8000,-0.490533,361.112
250.7000,-0.552074,361.229
250.6000,-0.630635,361.327
250.5000,-0.676686,361.415
250.4000,-0.758983,361.51
250.3000,-0.830771,361.595
250.2000,-0.79528,361.689
250.1000,-0.749791,361.777
250.0000,-0.68882,361.865
249.9000,-0.657423,361.954
249.8000,-0.609019,362.037
249.7000,-0.610577,362.129
249.6000,-0.633633,362.213
249.5000,-0.634432,362.301
249.4000,-0.685843,362.393
249.3000,-0.70491,362.486
249.2000,-0.729814,362.583
249.1000,-0.780411,362.681
249.0000,-0.898747,362.78
248.9000,-0.960558,362.883
248.8000,-0.905568,362.989
248.7000,-0.797612,363.087
248.6000,-0.719946,363.183
248.5000,-0.62943,363.286
248.4000,-0.628325,363.384
248.3000,-0.562128,363.474
248.2000,-0.49217,363.573
248.1000,-0.426142,363.671
248.0000,-0.328172,363.762
247.9000,-0.429413,363.852
247.8000,-0.527375,363.939
247.7000,-0.628625,364.021
247.6000,-0.624558,364.118
247.5000,-0.582311,364.218
247.4000,-0.536183,364.303
247.3000,-0.461111,364.372
247.2000,-0.43887,364.45
247.1000,-0.418512,364.528
247.0000,-0.367972,364.606
246.9000,-0.326751,364.692
246.8000,-0.34477,364.764
246.7000,-0.348314,364.828
246.6000,-0.366585,364.9
246.5000,-0.387975,364.994
246.4000,-0.459812,365.089
246.3000,-0.498856,365.181
246.2000,-0.515343,365.273
246.1000,-0.541338,365.371
246.0000,-0.516451,365.473
245.9000,-0.547875,365.573
245.8000,-0.650591,365.672
245.7000,-0.730002,365.78
245.6000,-0.815958,365.887
245.5000,-0.928511,365.996
245.4000,-0.968213,366.112
245.3000,-1.03756,366.226
245.2000,-1.07711,366.351
245.1000,-1.14228,366.471
245.0000,-1.15295,366.599
244.9000,-1.13726,366.711
244.8000,-1.04019,366.817
244.7000,-1.01688,366.926
244.6000,-0.950712,367.037
244.5000,-0.788024,367.149
244.4000,-0.679882,367.246
244.3000,-0.629543,367.349
244.2000,-0.587165,367.45
244.1000,-0.591001,367.558
244.0000,-0.573678,367.672
243.9000,-0.586958,367.782
243.8000,-0.586382,367.89
243.7000,-0.668372,367.998
243.6000,-0.791858,368.111
243.5000,-0.836819,368.221
243.4000,-0.77962,368.341
243.3000,-0.688619,368.459
243.2000,-0.744088,368.564
243.1000,-0.713711,368.674
243.0000,-0.699953,368.785
242.9000,-0.643779,368.9
242.8000,-0.517688,369.02
242.7000,-0.460987,369.134
242.6000,-0.495534,369.242
242.5000,-0.503117,369.349
242.4000,-0.430379,369.474
242.3000,-0.424949,369.601
242.2000,-0.390379,369.727
242.1000,-0.441749,369.844
242.0000,-0.56027,369.956
241.9000,-0.549623,370.072
241.8000,-0.579734,370.192
241.7000,-0.747605,370.313
241.6000,-0.81123,370.43
241.5000,-0.879721,370.545
241.4000,-0.912645,370.657
241.3000,-0.92664,370.775
241.2000,-0.922693,370.896
241.1000,-0.995025,371.018
241.0000,-1.02519,371.147
240.9000,-0.945998,371.276
240.8000,-0.896816,371.4
240.7000,-0.827945,371.522
240.6000,-0.825218,371.644
240.5000,-0.851855,371.773
240.4000,-0.878142,371.91
240.3000,-0.886723,372.053
240.2000,-0.853484,372.197
240.1000,-0.847046,372.343
240.0000,-0.811646,372.497
239.9000,-0.840259,372.657
239.8000,-0.831834,372.823
239.7000,-0.840444,372.985
239.6000,-0.821802,373.148
239.5000,-0.781396,373.311
239.4000,-0.772202,373.473
239.3000,-0.73499,373.633
239.2000,-0.752373,373.79
239.1000,-0.721127,373.941
239.0000,-0.740631,374.089
238.9000,-0.805969,374.237
238.8000,-0.783971,374.39
238.7000,-0.83012,374.538
238.6000,-0.901775,374.678
238.5000,-0.93292,374.824
238.4000,-0.993486,374.971
238.3000,-1.06711,375.119
238.2000,-1.05579,375.274
238.1000,-1.01291,375.43
238.0000,-1.01132,375.589
237.9000,-1.11045,375.749
237.8000,-1.07946,375.915
237.7000,-1.15158,376.078
237.6000,-1.27127,376.244
237.5000,-1.34476,376.421
237.4000,-1.43129,376.598
237.3000,-1.41896,376.781
237.2000,-1.37722,376.964
237.1000,-1.29583,377.139
237.0000,-1.23512,377.313
236.9000,-1.21257,377.494
236.8000,-1.08664,377.682
236.7000,-0.994895,377.864
236.6000,-0.860942,378.036
236.5000,-0.854359,378.206
236.4000,-0.847469,378.382
236.3000,-0.815009,378.566
236.2000,-0.954438,378.748
236.1000,-1.01945,378.923
236.0000,-1.04123,379.092
235.9000,-1.05255,379.258
235.8000,-1.08848,379.437
235.7000,-1.08458,379.621
235.6000,-1.12045,379.801
235.5000,-1.16872,379.977
235.4000,-1.13125,380.16
235.3000,-1.04314,380.347
235.2000,-1.07916,380.536
235.1000,-1.10464,380.728
235.0000,-1.06101,380.923
234.9000,-0.989781,381.116
234.8000,-0.997661,381.309
234.7000,-1.03714,381.503
234.6000,-1.0636,381.689
234.5000,-1.1153,381.876
234.4000,-1.03713,382.075
234.3000,-1.08862,382.272
234.2000,-1.18586,382.471
234.1000,-1.31525,382.672
234.0000,-1.36535,382.865
233.9000,-1.37844,383.057
233.8000,-1.43383,383.261
233.7000,-1.41463,383.465
233.6000,-1.50597,383.667
233.5000,-1.45497,383.871
233.4000,-1.36904,384.066
233.3000,-1.38173,384.261
233.2000,-1.3888,384.471
233.1000,-1.39282,384.68
233.0000,-1.40699,384.889
232.9000,-1.3548,385.097
232.8000,-1.28217,385.312
232.7000,-1.3384,385.536
232.6000,-1.48129,385.76
232.5000,-1.50239,385.986
232.4000,-1.50846,386.198
232.3000,-1.49465,386.414
232.2000,-1.39697,386.625
232.1000,-1.38339,386.841
232.0000,-1.42689,387.052
231.9000,-1.46624,387.253
231.8000,-1.46271,387.44
231.7000,-1.40189,387.635
231.6000,-1.51718,387.832
231.5000,-1.52198,388.028
231.4000,-1.55531,388.233
231.3000,-1.61669,388.434
231.2000,-1.76544,388.635
231.1000,-1.80703,388.834
231.0000,-1.87789,389.037
230.9000,-1.87571,389.252
230.8000,-1.85839,389.462
230.7000,-1.87941,389.68
230.6000,-1.92748,389.894
230.5000,-2.00245,390.115
230.4000,-1.86203,390.339
230.3000,-1.73163,390.574
230.2000,-1.63882,390.81
230.1000,-1.54861,391.051
230.0000,-1.50886,391.288
229.9000,-1.44911,391.515
229.8000,-1.40118,391.746
229.7000,-1.27002,391.967
229.6000,-1.32055,392.181
229.5000,-1.40032,392.385
229.4000,-1.3894,392.583
229.3000,-1.42622,392.774
229.2000,-1.50735,392.955
229.1000,-1.74242,393.133
229.0000,-1.9313,393.318
228.9000,-2.18913,393.505
228.8000,-2.34682,393.7
228.7000,-2.36691,393.916
228.6000,-2.49714,394.137
228.5000,-2.59537,394.362
228.4000,-2.62834,394.61
228.3000,-2.47332,394.871
228.2000,-2.29862,395.13
228.1000,-2.07461,395.398
228.0000,-1.92182,395.661
227.9000,-1.83003,395.913
227.8000,-1.66263,396.16
227.7000,-1.41457,396.417
227.6000,-1.31412,396.659
227.5000,-1.27017,396.893
227.4000,-1.26636,397.127
227.3000,-1.35234,397.359
227.2000,-1.35164,397.593
227.1000,-1.37614,397.825
227.0000,-1.32109,398.062
226.9000,-1.55616,398.281
226.8000,-1.74528,398.503
226.7000,-1.82996,398.731
226.6000,-1.98174,398.954
226.5000,-1.96628,399.18
226.4000,-1.96213,399.4
226.3000,-1.99297,399.62
226.2000,-2.11381,399.843
226.1000,-2.10451,400.071
226.0000,-2.08125,400.297
225.9000,-2.20101,400.516
225.8000,-2.23261,400.739
225.7000,-2.33384,400.955
225.6000,-2.52062,401.17
225.5000,-2.63785,401.388
225.4000,-2.83363,401.602
225.3000,-2.83739,401.827
225.2000,-2.72997,402.059
225.1000,-2.50991,402.297
225.0000,-2.35805,402.529
224.9000,-2.28973,402.762
224.8000,-2.16793,402.997
224.7000,-2.09122,403.229
224.6000,-1.90307,403.464
224.5000,-1.86439,403.691
224.4000,-1.9049,403.913
224.3000,-1.93332,404.136
224.2000,-1.93436,404.361
224.1000,-1.81167,404.593
224.0000,-1.75097,404.825
223.9000,-1.67433,405.058
223.8000,-1.71724,405.285
223.7000,-1.80707,405.51
223.6000,-1.92241,405.737
223.5000,-1.93563,405.969
223.4000,-2.07505,406.194
223.3000,-2.34546,406.404
223.2000,-2.51337,406.618
223.1000,-2.64176,406.834
223.0000,-2.63702,407.059
222.9000,-2.61873,407.283
222.8000,-2.52407,407.51
222.7000,-2.57775,407.728
222.6000,-2.57328,407.949
222.5000,-2.50437,408.18
222.4000,-2.47848,408.402
222.3000,-2.34697,408.627
222.2000,-2.20955,408.849
222.1000,-2.02051,409.074
222.0000,-1.9071,409.299
221.9000,-1.76336,409.515
221.8000,-1.80185,409.729
221.7000,-1.82767,409.943
221.6000,-1.75428,410.168
221.5000,-1.71925,410.396
221.4000,-1.77195,410.616
221.3000,-1.81743,410.836
221.2000,-1.91831,411.055
221.1000,-2.0198,411.281
221.0000,-2.05826,411.502
220.9000,-2.01766,411.726
220.8000,-1.97017,411.947
220.7000,-1.87116,412.164
220.6000,-1.83801,412.385
220.5000,-1.95166,412.607
220.4000,-2.02306,412.822
220.3000,-2.03568,413.043
220.2000,-1.99657,413.274
220.1000,-1.85454,413.502
220.0000,-1.82288,413.729
219.9000,-1.89266,413.96
219.8000,-1.96855,414.187
219.7000,-1.9599,414.415
219.6000,-1.94969,414.642
219.5000,-1.85433,414.875
219.4000,-1.6965,415.109
219.3000,-1.53883,415.344
219.2000,-1.47226,415.577
219.1000,-1.40877,415.803
219.0000,-1.32943,416.033
218.9000,-1.24581,416.26
218.8000,-1.1207,416.493
218.7000,-1.09171,416.716
218.6000,-1.18534,416.935
218.5000,-1.41851,417.147
218.4000,-1.44656,417.371
218.3000,-1.437,417.597
218.2000,-1.54433,417.818
218.1000,-1.53757,418.039
218.0000,-1.56952,418.264
217.9000,-1.65602,418.487
217.8000,-1.5628,418.711
217.7000,-1.41409,418.938
217.6000,-1.46825,419.156
217.5000,-1.63266,419.376
217.4000,-1.59144,419.601
217.3000,-1.65895,419.823
217.2000,-1.75391,420.046
217.1000,-1.82756,420.267
217.0000,-2.02895,420.485
216.9000,-2.25101,420.707
216.8000,-2.30332,420.935
216.7000,-2.33791,421.161
216.6000,-2.27811,421.395
216.5000,-2.21856,421.625
216.4000,-2.14528,421.849
216.3000,-2.06045,422.074
216.2000,-1.94603,422.309
216.1000,-1.86392,422.54
216.0000,-1.85812,422.763
215.9000,-1.79487,422.987
215.8000,-1.85808,423.203
215.7000,-2.09268,423.421
215.6000,-2.34128,423.644
215.5000,-2.40103,423.875
215.4000,-2.42192,424.101
215.3000,-2.25798,424.331
215.2000,-2.22777,424.559
215.1000,-2.12563,424.8
215.0000,-1.94379,425.047
214.9000,-1.77139,425.289
214.8000,-1.57514,425.53
214.7000,-1.63546,425.765
214.6000,-1.49774,426.011
214.5000,-1.50017,426.253
214.4000,-1.45688,426.5
214.3000,-1.45528,426.743
214.2000,-1.60181,426.977
214.1000,-1.69661,427.215
214.0000,-1.80193,427.452
213.9000,-1.8506,427.693
213.8000,-2.11938,427.925
213.7000,-2.26824,428.166
213.6000,-2.25536,428.413
213.5000,-2.27973,428.66
213.4000,-2.33783,428.911
213.3000,-2.31268,429.165
213.2000,-2.30366,429.424
213.1000,-2.11999,429.69
213.0000,-1.88314,429.959
212.9000,-1.62631,430.226
212.8000,-1.53165,430.484
212.7000,-1.50104,430.744
212.6000,-1.47253,431
212.5000,-1.53575,431.255
212.4000,-1.60067,431.514
212.3000,-1.74935,431.766
212.2000,-1.87633,432.023
212.1000,-2.02494,432.282
212.0000,-2.16405,432.551
211.9000,-2.24436,432.825
211.8000,-2.29548,433.095
211.7000,-2.12696,433.375
211.6000,-2.07141,433.654
211.5000,-2.07188,433.927
211.4000,-2.06708,434.206
211.3000,-1.82856,434.494
211.2000,-1.56519,434.776
211.1000,-1.53245,435.053
211.0000,-1.65517,435.331
210.9000,-1.60003,435.618
210.8000,-1.5574,435.903
210.7000,-1.39273,436.203
210.6000,-1.2927,436.495
210.5000,-1.37067,436.788
210.4000,-1.68389,437.073
210.3000,-1.75285,437.374
210.2000,-1.87176,437.668
210.1000,-2.0773,437.966
210.0000,-2.07208,438.262
209.9000,-2.18967,438.555
209.8000,-2.16704,438.85
209.7000,-2.28025,439.144
209.6000,-2.30374,439.442
209.5000,-2.44409,439.74
209.4000,-2.41094,440.04
209.3000,-2.01132,440.351
209.2000,-2.01939,440.655
209.1000,-2.10812,440.958
209.0000,-2.24281,441.263
208.9000,-2.25818,441.574
208.8000,-2.2946,441.882
208.7000,-2.19032,442.193
208.6000,-2.09834,442.517
208.5000,-2.39153,442.834
208.4000,-2.45914,443.152
208.3000,-2.49466,443.476
208.2000,-2.67481,443.797
208.1000,-2.77105,444.121
208.0000,-2.86568,444.445
207.9000,-2.90569,444.772
207.8000,-2.92459,445.098
207.7000,-2.77109,445.424
207.6000,-2.72552,445.749
207.5000,-2.8432,446.067
207.4000,-2.68448,446.394
207.3000,-2.39217,446.723
207.2000,-2.26904,447.047
207.1000,-1.98058,447.374
207.0000,-1.84401,447.692
206.9000,-1.84367,448.01
206.8000,-1.85244,448.329
206.7000,-1.77576,448.655
206.6000,-1.80731,448.975
206.5000,-1.90677,449.3
206.4000,-2.17469,449.618
206.3000,-2.43417,449.939
206.2000,-2.67562,450.255
206.1000,-2.72682,450.572
206.0000,-2.75751,450.893
205.9000,-2.9067,451.207
205.8000,-2.98352,451.528
205.7000,-2.9921,451.849
205.6000,-2.80966,452.183
205.5000,-2.55346,452.521
205.4000,-2.37262,452.859
205.3000,-2.33779,453.196
205.2000,-2.36095,453.534
205.1000,-2.28682,453.878
205.0000,-2.25625,454.221
204.9000,-2.08682,454.57
204.8000,-1.96016,454.918
204.7000,-1.75283,455.27
204.6000,-1.72694,455.617
204.5000,-1.72888,455.968
204.4000,-1.72331,456.318
204.3000,-1.89902,456.665
204.2000,-1.74811,457.025
204.1000,-1.73664,457.381
204.0000,-1.83964,457.736
203.9000,-1.93212,458.088
203.8000,-1.98478,458.445
203.7000,-1.90133,458.809
203.6000,-1.93085,459.174
203.5000,-1.7167,459.546
203.4000,-1.53697,459.92
203.3000,-1.54335,460.293
203.2000,-1.61621,460.666
203.1000,-1.50512,461.046
203.0000,-1.59079,461.426
202.9000,-1.63798,461.805
202.8000,-1.54436,462.189
202.7000,-1.57961,462.572
202.6000,-1.60214,462.954
202.5000,-1.53703,463.334
202.4000,-1.40374,463.72
202.3000,-1.19702,464.113
202.2000,-0.944878,464.508
202.1000,-0.631381,464.909
202.0000,-0.549869,465.306
201.9000,-0.263843,465.716
201.8000,-0.00614906,466.131
201.7000,0.0700479,466.549
201.6000,0.0419135,466.967
201.5000,-0.0903439,467.386
201.4000,-0.393733,467.803
201.3000,-0.501108,468.235
201.2000,-0.693568,468.665
201.1000,-0.903863,469.097
201.0000,-1.24938,469.531
200.9000,-1.35368,469.98
200.8000,-1.4402,470.434
200.7000,-1.22948,470.908
200.6000,-0.798656,471.399
200.5000,-0.427511,471.898
200.4000,-0.0781262,472.406
200.3000,0.179325,472.916
200.2000,0.654381,473.439
200.1000,1.14261,473.964
200.0000,1.26584,474.479
199.9000,0.972633,474.981
199.8000,0.366784,475.465
199.7000,0.0643938,475.951
199.6000,-0.0867052,476.441
199.5000,-0.0904286,476.941
199.4000,-0.309553,477.438
199.3000,-0.618833,477.938
199.2000,-0.46733,478.467
199.1000,-0.0619855,479.012
199.0000,0.332667,479.57
198.9000,0.632446,480.141
198.8000,0.772424,480.726
198.7000,0.667226,481.319
198.6000,0.78296,481.939
198.5000,0.948322,482.577
198.4000,0.945793,483.22
198.3000,0.857557,483.878
198.2000,0.766365,484.564
198.1000,0.641028,485.281
198.0000,0.660763,486.031
197.9000,0.802871,486.808
197.8000,0.901643,487.599
197.7000,1.01687,488.406
197.6000,0.966711,489.218
197.5000,1.28606,490.04
197.4000,1.70427,490.846
197.3000,2.09409,491.63
197.2000,2.15312,492.364
197.1000,1.96613,493.063
197.0000,1.7259,493.747
196.9000,1.50544,494.428
196.8000,1.44225,495.122
196.7000,1.22558,495.834
196.6000,1.06506,496.58
196.5000,0.817527,497.365
196.4000,0.884947,498.22
196.3000,1.0097,499.135
196.2000,1.27949,500.116
196.1000,1.80268,501.17
196.0000,2.34844,502.296
195.9000,2.90327,503.511
195.8000,3.0359,504.821
195.7000,3.30324,506.265
195.6000,3.51155,507.825
195.5000,3.8344,509.497
195.4000,3.94711,511.233
195.3000,3.77811,513.003
195.2000,3.74278,514.78
195.1000,3.70902,516.515
195.0000,3.65585,518.132
194.9000,3.59371,519.571
194.8000,3.34106,520.824
194.7000,2.80229,521.903
194.6000,2.82119,522.884
194.5000,3.02211,523.793
194.4000,2.76596,524.662
194.3000,2.83754,525.553
194.2000,2.86027,526.538
194.1000,3.24946,527.684
194.0000,3.5599,529.044
193.9000,4.08319,530.641
193.8000,3.90997,532.469
193.7000,3.3913,534.574
193.6000,3.49777,537.014
193.5000,3.33828,539.817
193.4000,3.32388,543.008
193.3000,2.85322,546.551
193.2000,2.15046,550.369
193.1000,1.92994,554.386
193.0000,2.16914,558.509
192.9000,2.14424,562.552
192.8000,2.11266,566.37
192.7000,2.42113,569.762
192.6000,2.66287,572.556
192.5000,2.57106,574.721
192.4000,2.60712,576.36
192.3000,2.46983,577.58
192.2000,2.30355,578.499
192.1000,2.25231,579.257
192.0000,2.58639,580.043
191.9000,2.22005,581.054
191.8000,2.01612,582.533
191.7000,2.63649,584.621
191.6000,3.69527,587.348
191.5000,4.1282,590.639
191.4000,3.94035,594.55
191.3000,4.3945,599.201
191.2000,4.7347,604.472
191.1000,4.6811,610.354
191.0000,4.67254,616.711
190.9000,4.11735,623.334
190.8000,3.07934,630.06
190.7000,3.0849,636.761
190.6000,3.93557,643.193
190.5000,5.48091,648.988
190.4000,5.51227,653.94
190.3000,5.85765,657.974
190.2000,5.31023,661.162
190.1000,4.09615,663.676
190.0000,4.12027,665.793

##### Extended Information
[Comments]
Sample name,ACE2
Comment
User
Division
Company,CSIR-IMTECH

[Detailed Information]
Creation date,4/8/2024 4:31 PM

Data array type,Linear data array * 2
Horizontal axis,Wavelength [nm]
Vertical axis(1),CD [mdeg]
Vertical axis(2),HT [V]
Start,350 nm
End,190 nm
Data interval,0.1 nm
Data points,1601    

[Measurement Information]
Instrument Name,JASCO CD
Model Name,J-815
Serial No.,B063061168

Accessory,PTC-423S
Accessory S/N,C013945-01
  Temperature,35.98 C
  Control Sonsor,Cell
  Monitor Sensor,Cell
  Start Mode,Start immediately
  Cell Length,10 mm

Measurement date,4/8/2024 4:31 PM

Photometric Mode,CD, HT
Measure Range,350 - 190 nm
Data pitch,0.1 nm
Sensitivity,Standard
D.I.T.,1 sec
Bandwidth,1.00 nm
Start Mode,Immediately
Scanning Speed,50 nm/min
Baseline Correction,None
Shutter Control,Auto
CD Detector,PMT
PMT Voltage,Auto
Accumulations,3
Concentration,0.27 umol/L

