TITLE,ACE2_Erg_0.8uM
DATA TYPE,
ORIGIN,JASCO
OWNER,
DATE,24/04/09
TIME,15:07:41
SPECTROMETER/DATA SYSTEM,
LOCALE,1033
RESOLUTION,
DELTAX,-0.1
XUNITS,NANOMETERS
YUNITS,CD [mdeg]
Y2UNITS,HT [V]
FIRSTX,  350.0000
LASTX,  190.0000
NPOINTS,    1601
FIRSTY,    -0.61295
MAXY,     8.72331
MINY,    -2.88836
XYDATA
350.0000,-0.612949,486.316
349.9000,-0.561843,485.715
349.8000,-0.553213,484.807
349.7000,-0.56063,483.883
349.6000,-0.41027,483.221
349.5000,-0.385996,482.635
349.4000,-0.24888,481.731
349.3000,-0.164639,481.086
349.2000,-0.208398,480.535
349.1000,-0.156649,479.681
349.0000,-0.269652,479.038
348.9000,-0.382195,478.473
348.8000,-0.502666,477.594
348.7000,-0.536393,476.71
348.6000,-0.559203,476.077
348.5000,-0.69106,475.525
348.4000,-0.622706,474.651
348.3000,-0.681519,473.992
348.2000,-0.693681,473.416
348.1000,-0.738821,472.538
348.0000,-0.766287,471.881
347.9000,-0.830037,471.306
347.8000,-0.708923,470.45
347.7000,-0.531909,469.583
347.6000,-0.388679,468.958
347.5000,-0.335807,468.432
347.4000,-0.352841,467.611
347.3000,-0.212124,467.005
347.2000,0.0408867,466.498
347.1000,0.0871707,465.708
347.0000,0.248814,465.128
346.9000,0.529724,464.632
346.8000,0.37681,463.85
346.7000,0.444225,463.063
346.6000,0.601614,462.484
346.5000,0.663597,461.72
346.4000,0.501558,460.935
346.3000,0.533804,460.348
346.2000,0.527885,459.572
346.1000,0.327478,458.773
346.0000,0.330997,458.183
345.9000,0.203742,457.666
345.8000,0.278419,456.869
345.7000,0.148826,456.269
345.6000,0.167811,455.758
345.5000,0.407437,455.026
345.4000,0.483578,454.493
345.3000,0.346601,454.038
345.2000,0.337312,453.325
345.1000,0.430892,452.61
345.0000,0.329479,452.085
344.9000,0.342094,451.413
344.8000,0.353569,450.726
344.7000,0.0826277,450.19
344.6000,-0.0866981,449.502
344.5000,-0.0682004,448.806
344.4000,0.023212,448.29
344.3000,0.128989,447.591
344.2000,0.0867048,446.87
344.1000,0.136075,446.321
344.0000,0.321888,445.646
343.9000,0.394302,444.963
343.8000,0.327189,444.455
343.7000,0.295528,444.018
343.6000,0.112333,443.335
343.5000,-0.154836,442.844
343.4000,-0.112241,442.449
343.3000,0.0282423,441.832
343.2000,0.0797885,441.37
343.1000,-0.016112,440.961
343.0000,-0.097011,440.346
342.9000,-0.0607134,439.719
342.8000,0.143268,439.262
342.7000,0.391034,438.649
342.6000,0.454577,438.017
342.5000,0.415827,437.536
342.4000,0.250544,436.93
342.3000,0.140393,436.314
342.2000,0.225818,435.848
342.1000,0.234155,435.25
342.0000,0.0261345,434.648
341.9000,-0.116015,434.225
341.8000,-0.22937,433.657
341.7000,-0.27066,433.087
341.6000,-0.318905,432.664
341.5000,-0.358232,432.128
341.4000,-0.292749,431.591
341.3000,-0.408693,431.189
341.2000,-0.441059,430.614
341.1000,-0.4223,430.019
341.0000,-0.299696,429.58
340.9000,-0.350887,429.016
340.8000,-0.448671,428.433
340.7000,-0.477266,427.977
340.6000,-0.417361,427.405
340.5000,-0.33719,426.825
340.4000,-0.282322,426.405
340.3000,-0.293479,425.869
340.2000,-0.313191,425.332
340.1000,-0.26186,424.941
340.0000,-0.158711,424.453
339.9000,-0.203153,423.96
339.8000,-0.379104,423.59
339.7000,-0.395402,423.131
339.6000,-0.301353,422.674
339.5000,-0.198888,422.357
339.4000,-0.16088,421.896
339.3000,-0.0896044,421.408
339.2000,-0.172392,420.875
339.1000,-0.127328,420.396
339.0000,-0.0656664,419.901
338.9000,-0.0421607,419.33
338.8000,-0.250857,418.793
338.7000,-0.471862,418.247
338.6000,-0.637596,417.675
338.5000,-0.776915,417.18
338.4000,-0.7884,416.813
338.3000,-0.903866,416.345
338.2000,-1.01321,415.876
338.1000,-1.10691,415.547
338.0000,-0.98684,415.127
337.9000,-0.766899,414.704
337.8000,-0.635626,414.407
337.7000,-0.535093,414.017
337.6000,-0.484325,413.611
337.5000,-0.38316,413.306
337.4000,-0.212125,412.911
337.3000,-0.0357124,412.498
337.2000,0.0653893,412.022
337.1000,-0.0107358,411.591
337.0000,-0.0375973,411.152
336.9000,-0.0816637,410.685
336.8000,-0.125828,410.274
336.7000,-0.151131,409.864
336.6000,-0.196176,409.408
336.5000,-0.264057,408.998
336.4000,-0.246899,408.719
336.3000,-0.259694,408.331
336.2000,-0.275998,407.933
336.1000,-0.311496,407.63
336.0000,-0.310887,407.243
335.9000,-0.356075,406.827
335.8000,-0.349496,406.374
335.7000,-0.33344,405.96
335.6000,-0.354365,405.536
335.5000,-0.407842,405.102
335.4000,-0.287777,404.731
335.3000,-0.242134,404.362
335.2000,-0.298613,403.959
335.1000,-0.262205,403.611
335.0000,-0.202274,403.383
334.9000,-0.118085,403.063
334.8000,-0.26821,402.726
334.7000,-0.305551,402.364
334.6000,-0.374038,402.041
334.5000,-0.433134,401.706
334.4000,-0.309828,401.318
334.3000,-0.227242,400.961
334.2000,-0.278407,400.583
334.1000,-0.464841,400.164
334.0000,-0.445476,399.802
333.9000,-0.33999,399.535
333.8000,-0.197232,399.184
333.7000,-0.112503,398.819
333.6000,-0.0646786,398.434
333.5000,-0.0371243,398.103
333.4000,-0.0197303,397.774
333.3000,0.158166,397.437
333.2000,0.359524,397.152
333.1000,0.506701,396.856
333.0000,0.456657,396.528
332.9000,0.342755,396.232
332.8000,0.190497,395.885
332.7000,0.0304172,395.571
332.6000,-0.0322466,395.249
332.5000,0.0256239,394.903
332.4000,0.0180555,394.596
332.3000,-0.0180346,394.281
332.2000,-0.0985125,393.914
332.1000,-0.119258,393.583
332.0000,-0.10838,393.243
331.9000,-0.163001,392.959
331.8000,-0.227113,392.677
331.7000,-0.185799,392.353
331.6000,-0.169159,392.052
331.5000,-0.180487,391.638
331.4000,-0.240834,391.315
331.3000,-0.193234,391.043
331.2000,-0.187627,390.729
331.1000,-0.237621,390.443
331.0000,-0.279378,390.144
330.9000,-0.375531,389.836
330.8000,-0.583319,389.563
330.7000,-0.773993,389.244
330.6000,-0.751524,388.967
330.5000,-0.779314,388.686
330.4000,-0.753779,388.398
330.3000,-0.594351,388.158
330.2000,-0.393016,387.799
330.1000,-0.312589,387.505
330.0000,-0.279401,387.24
329.9000,-0.198688,386.96
329.8000,-0.131335,386.718
329.7000,-0.0327644,386.377
329.6000,0.0177015,386.098
329.5000,-0.0136787,385.843
329.4000,-0.0815772,385.546
329.3000,-0.0633186,385.286
329.2000,0.0237766,384.922
329.1000,0.129019,384.631
329.0000,0.055997,384.37
328.9000,-0.0336423,384.099
328.8000,-0.0697598,383.862
328.7000,-0.132422,383.524
328.6000,-0.121343,383.274
328.5000,-0.054737,383.069
328.4000,-0.0532752,382.822
328.3000,-0.128574,382.604
328.2000,-0.128412,382.309
328.1000,-0.199595,382.067
328.0000,-0.236841,381.85
327.9000,-0.179995,381.598
327.8000,-0.136807,381.376
327.7000,-0.205681,381.108
327.6000,-0.275375,380.923
327.5000,-0.311609,380.78
327.4000,-0.298656,380.513
327.3000,-0.263063,380.268
327.2000,-0.268766,379.966
327.1000,-0.397985,379.736
327.0000,-0.459595,379.545
326.9000,-0.418111,379.269
326.8000,-0.359711,378.993
326.7000,-0.359434,378.668
326.6000,-0.451197,378.463
326.5000,-0.540234,378.323
326.4000,-0.598704,378.066
326.3000,-0.58113,377.821
326.2000,-0.581663,377.553
326.1000,-0.718094,377.366
326.0000,-0.703889,377.079
325.9000,-0.68403,376.821
325.8000,-0.606176,376.58
325.7000,-0.504796,376.332
325.6000,-0.425606,376.191
325.5000,-0.338567,375.911
325.4000,-0.257406,375.638
325.3000,-0.22216,375.362
325.2000,-0.233255,375.188
325.1000,-0.340696,375.06
325.0000,-0.360296,374.774
324.9000,-0.410553,374.486
324.8000,-0.356804,374.189
324.7000,-0.274041,374.035
324.6000,-0.248742,373.951
324.5000,-0.158,373.69
324.4000,0.00400828,373.43
324.3000,0.0869866,373.182
324.2000,0.170545,373.049
324.1000,0.173506,372.796
324.0000,0.125933,372.541
323.9000,0.0742567,372.28
323.8000,0.0207716,372.043
323.7000,-0.0536425,371.928
323.6000,-0.180364,371.661
323.5000,-0.243021,371.373
323.4000,-0.264773,371.094
323.3000,-0.262559,370.944
323.2000,-0.232183,370.854
323.1000,-0.253901,370.585
323.0000,-0.258389,370.295
322.9000,-0.298318,370.01
322.8000,-0.265086,369.874
322.7000,-0.293955,369.629
322.6000,-0.34221,369.356
322.5000,-0.399218,369.079
322.4000,-0.391763,368.804
322.3000,-0.345838,368.642
322.2000,-0.292761,368.365
322.1000,-0.179924,368.06
322.0000,-0.0814704,367.759
321.9000,-0.00765757,367.59
321.8000,-0.000407609,367.301
321.7000,0.0579715,366.999
321.6000,-0.0138709,366.682
321.5000,-0.0503191,366.396
321.4000,-0.160224,366.244
321.3000,-0.204289,366.024
321.2000,-0.289923,365.799
321.1000,-0.422154,365.578
321.0000,-0.406367,365.509
320.9000,-0.458564,365.36
320.8000,-0.419194,365.213
320.7000,-0.430829,365.08
320.6000,-0.451379,364.944
320.5000,-0.496222,364.906
320.4000,-0.537368,364.746
320.3000,-0.506407,364.571
320.2000,-0.518985,364.404
320.1000,-0.581378,364.346
320.0000,-0.622117,364.187
319.9000,-0.556145,364.007
319.8000,-0.458253,363.821
319.7000,-0.332374,363.631
319.6000,-0.325208,363.415
319.5000,-0.343515,363.253
319.4000,-0.276238,363.074
319.3000,-0.217951,362.867
319.2000,-0.114046,362.77
319.1000,-0.0330248,362.575
319.0000,-0.032329,362.361
318.9000,-0.090582,362.141
318.8000,-0.0481076,362.024
318.7000,-0.0159879,361.803
318.6000,-0.0671292,361.571
318.5000,-0.128325,361.374
318.4000,-0.135757,361.178
318.3000,-0.222291,360.945
318.2000,-0.290039,360.769
318.1000,-0.35354,360.591
318.0000,-0.422248,360.412
317.9000,-0.495497,360.345
317.8000,-0.487586,360.213
317.7000,-0.47631,360.055
317.6000,-0.466158,359.87
317.5000,-0.481236,359.78
317.4000,-0.483389,359.618
317.3000,-0.397938,359.448
317.2000,-0.379382,359.267
317.1000,-0.3216,359.079
317.0000,-0.354481,358.837
316.9000,-0.382791,358.642
316.8000,-0.473818,358.462
316.7000,-0.591198,358.281
316.6000,-0.586686,358.104
316.5000,-0.598359,357.969
316.4000,-0.642288,357.811
316.3000,-0.652353,357.645
316.2000,-0.616437,357.475
316.1000,-0.534617,357.35
316.0000,-0.372632,357.223
315.9000,-0.199845,357.063
315.8000,-0.18272,356.96
315.7000,-0.217729,356.785
315.6000,-0.242917,356.628
315.5000,-0.294934,356.451
315.4000,-0.368441,356.344
315.3000,-0.404537,356.155
315.2000,-0.532975,355.955
315.1000,-0.629507,355.776
315.0000,-0.679327,355.601
314.9000,-0.631722,355.427
314.8000,-0.605599,355.278
314.7000,-0.583646,355.117
314.6000,-0.561041,354.959
314.5000,-0.569969,354.809
314.4000,-0.590051,354.7
314.3000,-0.670463,354.561
314.2000,-0.67208,354.425
314.1000,-0.640134,354.244
314.0000,-0.707454,354.085
313.9000,-0.702693,353.929
313.8000,-0.686617,353.782
313.7000,-0.698921,353.566
313.6000,-0.600506,353.375
313.5000,-0.566462,353.194
313.4000,-0.512471,353.016
313.3000,-0.480844,352.842
313.2000,-0.515001,352.697
313.1000,-0.528975,352.547
313.0000,-0.60309,352.397
312.9000,-0.628133,352.258
312.8000,-0.616986,352.164
312.7000,-0.584979,352.045
312.6000,-0.547471,351.927
312.5000,-0.559307,351.765
312.4000,-0.548096,351.616
312.3000,-0.517844,351.448
312.2000,-0.506038,351.278
312.1000,-0.468537,351.059
312.0000,-0.491619,350.854
311.9000,-0.512644,350.649
311.8000,-0.55671,350.405
311.7000,-0.573846,350.215
311.6000,-0.551495,350.028
311.5000,-0.509545,349.872
311.4000,-0.43394,349.672
311.3000,-0.356224,349.546
311.2000,-0.336513,349.423
311.1000,-0.36134,349.321
311.0000,-0.365448,349.206
310.9000,-0.416578,349.113
310.8000,-0.431679,349.008
310.7000,-0.459457,348.915
310.6000,-0.44026,348.789
310.5000,-0.549126,348.677
310.4000,-0.596208,348.574
310.3000,-0.619044,348.483
310.2000,-0.594789,348.397
310.1000,-0.547152,348.326
310.0000,-0.525552,348.249
309.9000,-0.538311,348.181
309.8000,-0.582841,348.119
309.7000,-0.547825,348.035
309.6000,-0.495316,347.964
309.5000,-0.4933,347.849
309.4000,-0.547835,347.754
309.3000,-0.642241,347.618
309.2000,-0.738709,347.506
309.1000,-0.766273,347.331
309.0000,-0.732581,347.186
308.9000,-0.744144,347.056
308.8000,-0.773133,346.938
308.7000,-0.832854,346.827
308.6000,-0.830528,346.73
308.5000,-0.776922,346.625
308.4000,-0.774578,346.503
308.3000,-0.794288,346.43
308.2000,-0.863168,346.324
308.1000,-0.891153,346.247
308.0000,-0.930495,346.139
307.9000,-0.972645,346.047
307.8000,-1.0028,345.913
307.7000,-1.03624,345.81
307.6000,-1.02253,345.687
307.5000,-0.981614,345.525
307.4000,-0.907251,345.405
307.3000,-0.900348,345.278
307.2000,-0.877718,345.181
307.1000,-0.825817,345.057
307.0000,-0.771757,344.969
306.9000,-0.734854,344.873
306.8000,-0.628454,344.816
306.7000,-0.592344,344.754
306.6000,-0.611953,344.661
306.5000,-0.640779,344.579
306.4000,-0.657704,344.457
306.3000,-0.568532,344.366
306.2000,-0.551705,344.239
306.1000,-0.556563,344.126
306.0000,-0.567108,343.976
305.9000,-0.639995,343.864
305.8000,-0.636033,343.786
305.7000,-0.601545,343.678
305.6000,-0.508157,343.604
305.5000,-0.630305,343.52
305.4000,-0.690184,343.47
305.3000,-0.645267,343.385
305.2000,-0.609873,343.328
305.1000,-0.58481,343.253
305.0000,-0.498604,343.135
304.9000,-0.5059,343.052
304.8000,-0.545389,342.94
304.7000,-0.520234,342.843
304.6000,-0.464502,342.714
304.5000,-0.420141,342.609
304.4000,-0.419309,342.519
304.3000,-0.403718,342.402
304.2000,-0.498982,342.334
304.1000,-0.519029,342.271
304.0000,-0.574598,342.236
303.9000,-0.617934,342.155
303.8000,-0.609921,342.078
303.7000,-0.664489,342.022
303.6000,-0.699271,341.914
303.5000,-0.717002,341.842
303.4000,-0.641128,341.75
303.3000,-0.570557,341.635
303.2000,-0.493296,341.522
303.1000,-0.444216,341.435
303.0000,-0.464505,341.383
302.9000,-0.500034,341.289
302.8000,-0.493466,341.215
302.7000,-0.572847,341.155
302.6000,-0.65568,341.07
302.5000,-0.731441,341.021
302.4000,-0.715758,340.966
302.3000,-0.69629,340.872
302.2000,-0.699107,340.778
302.1000,-0.697464,340.684
302.0000,-0.697369,340.623
301.9000,-0.692449,340.533
301.8000,-0.646454,340.458
301.7000,-0.638608,340.399
301.6000,-0.682547,340.307
301.5000,-0.763562,340.255
301.4000,-0.784088,340.2
301.3000,-0.825967,340.121
301.2000,-0.7793,340.057
301.1000,-0.756774,339.994
301.0000,-0.820939,339.955
300.9000,-0.834295,339.876
300.8000,-0.853714,339.795
300.7000,-0.89074,339.729
300.6000,-0.93319,339.646
300.5000,-0.928621,339.581
300.4000,-0.978465,339.53
300.3000,-1.08688,339.449
300.2000,-1.1332,339.375
300.1000,-1.0628,339.32
300.0000,-1.0444,339.261
299.9000,-1.02382,339.209
299.8000,-1.05028,339.157
299.7000,-1.08323,339.089
299.6000,-1.1353,339.024
299.5000,-1.11914,338.96
299.4000,-1.0844,338.912
299.3000,-1.08658,338.847
299.2000,-1.08146,338.794
299.1000,-1.04429,338.757
299.0000,-1.00965,338.692
298.9000,-0.988683,338.646
298.8000,-0.951878,338.612
298.7000,-0.929312,338.557
298.6000,-0.920015,338.508
298.5000,-0.902635,338.458
298.4000,-0.886679,338.394
298.3000,-0.890423,338.336
298.2000,-0.860552,338.277
298.1000,-0.775988,338.22
298.0000,-0.763788,338.168
297.9000,-0.79683,338.12
297.8000,-0.79638,338.054
297.7000,-0.715232,338.005
297.6000,-0.711872,337.965
297.5000,-0.722712,337.901
297.4000,-0.765077,337.856
297.3000,-0.867257,337.814
297.2000,-0.872776,337.748
297.1000,-0.77539,337.703
297.0000,-0.757779,337.656
296.9000,-0.795373,337.586
296.8000,-0.921576,337.531
296.7000,-0.967498,337.487
296.6000,-0.927678,337.454
296.5000,-0.872777,337.41
296.4000,-0.888122,337.373
296.3000,-0.916993,337.344
296.2000,-0.874474,337.302
296.1000,-0.835905,337.27
296.0000,-0.790479,337.245
295.9000,-0.768517,337.2
295.8000,-0.787628,337.134
295.7000,-0.811612,337.089
295.6000,-0.73017,337.044
295.5000,-0.669683,336.981
295.4000,-0.689186,336.905
295.3000,-0.723683,336.856
295.2000,-0.750221,336.795
295.1000,-0.774861,336.725
295.0000,-0.831417,336.683
294.9000,-0.871811,336.632
294.8000,-0.947297,336.562
294.7000,-1.11689,336.515
294.6000,-1.20157,336.478
294.5000,-1.23059,336.428
294.4000,-1.29207,336.389
294.3000,-1.31044,336.359
294.2000,-1.33735,336.309
294.1000,-1.38538,336.268
294.0000,-1.41575,336.243
293.9000,-1.36187,336.197
293.8000,-1.27178,336.169
293.7000,-1.24278,336.149
293.6000,-1.22836,336.097
293.5000,-1.22485,336.036
293.4000,-1.21346,336.006
293.3000,-1.20879,335.962
293.2000,-1.22395,335.906
293.1000,-1.30813,335.878
293.0000,-1.31463,335.829
292.9000,-1.30983,335.775
292.8000,-1.32753,335.753
292.7000,-1.31425,335.726
292.6000,-1.26523,335.688
292.5000,-1.2017,335.632
292.4000,-1.06465,335.602
292.3000,-0.870657,335.558
292.2000,-0.826057,335.508
292.1000,-0.826867,335.481
292.0000,-0.769037,335.437
291.9000,-0.692348,335.386
291.8000,-0.635941,335.341
291.7000,-0.573865,335.324
291.6000,-0.576235,335.284
291.5000,-0.630838,335.239
291.4000,-0.695009,335.215
291.3000,-0.735097,335.164
291.2000,-0.79566,335.098
291.1000,-0.869249,335.031
291.0000,-0.986682,334.978
290.9000,-1.12263,334.904
290.8000,-1.17685,334.814
290.7000,-1.2351,334.719
290.6000,-1.28821,334.612
290.5000,-1.26487,334.487
290.4000,-1.21646,334.357
290.3000,-1.16713,334.246
290.2000,-1.09079,334.11
290.1000,-1.01982,333.961
290.0000,-1.05526,333.817
289.9000,-1.06207,333.712
289.8000,-1.01901,333.618
289.7000,-1.02059,333.544
289.6000,-1.05351,333.509
289.5000,-1.09712,333.512
289.4000,-1.16377,333.541
289.3000,-1.1494,333.602
289.2000,-1.07297,333.689
289.1000,-1.01112,333.8
289.0000,-1.01056,333.903
288.9000,-0.973861,334.01
288.8000,-0.894553,334.105
288.7000,-0.859383,334.19
288.6000,-0.87107,334.253
288.5000,-0.915106,334.299
288.4000,-0.973347,334.333
288.3000,-0.953996,334.356
288.2000,-0.948272,334.355
288.1000,-0.938611,334.344
288.0000,-0.964097,334.322
287.9000,-1.01581,334.286
287.8000,-1.00425,334.264
287.7000,-0.935592,334.238
287.6000,-0.886531,334.215
287.5000,-0.847132,334.176
287.4000,-0.836127,334.157
287.3000,-0.814811,334.146
287.2000,-0.82862,334.13
287.1000,-0.809801,334.117
287.0000,-0.757167,334.079
286.9000,-0.829713,334.055
286.8000,-0.817774,334.04
286.7000,-0.835294,334.021
286.6000,-0.850179,333.993
286.5000,-0.86626,333.978
286.4000,-0.848919,333.967
286.3000,-0.837161,333.966
286.2000,-0.85245,333.962
286.1000,-0.748386,333.956
286.0000,-0.68108,333.959
285.9000,-0.610348,333.955
285.8000,-0.639301,333.949
285.7000,-0.636626,333.922
285.6000,-0.655174,333.896
285.5000,-0.726025,333.888
285.4000,-0.725438,333.878
285.3000,-0.715713,333.878
285.2000,-0.775929,333.845
285.1000,-0.893023,333.821
285.0000,-0.925058,333.825
284.9000,-0.949338,333.82
284.8000,-0.9441,333.819
284.7000,-0.90209,333.79
284.6000,-0.833672,333.773
284.5000,-0.836198,333.773
284.4000,-0.793104,333.777
284.3000,-0.779337,333.789
284.2000,-0.800748,333.767
284.1000,-0.757851,333.759
284.0000,-0.743396,333.742
283.9000,-0.788414,333.746
283.8000,-0.874449,333.755
283.7000,-0.916805,333.741
283.6000,-1.00132,333.732
283.5000,-1.02146,333.718
283.4000,-0.994968,333.712
283.3000,-1.02355,333.72
283.2000,-1.03273,333.73
283.1000,-1.00839,333.737
283.0000,-0.96075,333.727
282.9000,-0.931971,333.724
282.8000,-0.85781,333.718
282.7000,-0.805372,333.731
282.6000,-0.782494,333.751
282.5000,-0.752576,333.757
282.4000,-0.748342,333.756
282.3000,-0.85333,333.747
282.2000,-0.937248,333.742
282.1000,-0.949326,333.759
282.0000,-0.977621,333.77
281.9000,-1.03891,333.77
281.8000,-1.05552,333.761
281.7000,-1.1172,333.751
281.6000,-1.12969,333.747
281.5000,-1.08604,333.747
281.4000,-0.986716,333.769
281.3000,-0.98357,333.772
281.2000,-0.974132,333.772
281.1000,-0.929453,333.77
281.0000,-0.872355,333.768
280.9000,-0.828847,333.765
280.8000,-0.777852,333.76
280.7000,-0.747183,333.756
280.6000,-0.743196,333.758
280.5000,-0.658187,333.754
280.4000,-0.661071,333.748
280.3000,-0.731506,333.738
280.2000,-0.870429,333.724
280.1000,-0.910022,333.712
280.0000,-0.859708,333.701
279.9000,-0.893303,333.69
279.8000,-0.908039,333.666
279.7000,-0.947103,333.657
279.6000,-1.00964,333.65
279.5000,-0.990073,333.649
279.4000,-0.908709,333.652
279.3000,-0.835432,333.657
279.2000,-0.881907,333.66
279.1000,-0.830702,333.667
279.0000,-0.843527,333.669
278.9000,-0.862834,333.662
278.8000,-0.86479,333.669
278.7000,-0.875041,333.675
278.6000,-0.867339,333.682
278.5000,-0.841506,333.691
278.4000,-0.805421,333.697
278.3000,-0.785623,333.705
278.2000,-0.761548,333.717
278.1000,-0.710007,333.728
278.0000,-0.65802,333.725
277.9000,-0.600862,333.72
277.8000,-0.602421,333.713
277.7000,-0.632381,333.705
277.6000,-0.684063,333.717
277.5000,-0.764919,333.729
277.4000,-0.813337,333.744
277.3000,-0.881089,333.76
277.2000,-0.890303,333.778
277.1000,-0.876358,333.795
277.0000,-0.890609,333.812
276.9000,-0.925836,333.828
276.8000,-0.960014,333.828
276.7000,-0.962519,333.82
276.6000,-0.97722,333.813
276.5000,-0.994545,333.808
276.4000,-1.07073,333.795
276.3000,-1.0897,333.787
276.2000,-1.07985,333.78
276.1000,-1.10029,333.776
276.0000,-1.02969,333.794
275.9000,-1.0134,333.813
275.8000,-0.94009,333.836
275.7000,-0.889811,333.859
275.6000,-0.797227,333.889
275.5000,-0.739789,333.913
275.4000,-0.769653,333.934
275.3000,-0.7352,333.96
275.2000,-0.772251,333.972
275.1000,-0.796205,333.985
275.0000,-0.842507,333.993
274.9000,-0.834678,334.005
274.8000,-0.872179,334.015
274.7000,-0.894312,334.028
274.6000,-0.875355,334.046
274.5000,-0.91815,334.058
274.4000,-0.903043,334.07
274.3000,-0.845032,334.081
274.2000,-0.862239,334.087
274.1000,-0.897289,334.093
274.0000,-0.936947,334.092
273.9000,-0.91771,334.097
273.8000,-0.914958,334.096
273.7000,-0.901943,334.097
273.6000,-0.930188,334.097
273.5000,-0.971866,334.1
273.4000,-0.942871,334.109
273.3000,-0.948076,334.122
273.2000,-0.909819,334.137
273.1000,-0.911342,334.151
273.0000,-0.905368,334.169
272.9000,-0.951815,334.185
272.8000,-0.943102,334.204
272.7000,-0.873603,334.225
272.6000,-0.849456,334.245
272.5000,-0.810322,334.265
272.4000,-0.78754,334.285
272.3000,-0.819044,334.306
272.2000,-0.805435,334.329
272.1000,-0.810624,334.349
272.0000,-0.730125,334.373
271.9000,-0.682144,334.392
271.8000,-0.630889,334.405
271.7000,-0.558568,334.417
271.6000,-0.522668,334.428
271.5000,-0.490068,334.439
271.4000,-0.511428,334.445
271.3000,-0.505398,334.453
271.2000,-0.496455,334.458
271.1000,-0.52674,334.464
271.0000,-0.587534,334.471
270.9000,-0.718948,334.463
270.8000,-0.847992,334.455
270.7000,-0.887311,334.447
270.6000,-0.848714,334.441
270.5000,-0.840624,334.435
270.4000,-0.808087,334.433
270.3000,-0.774066,334.43
270.2000,-0.754212,334.427
270.1000,-0.693323,334.435
270.0000,-0.654719,334.442
269.9000,-0.625086,334.452
269.8000,-0.613857,334.467
269.7000,-0.65058,334.481
269.6000,-0.702667,334.5
269.5000,-0.745314,334.516
269.4000,-0.734643,334.52
269.3000,-0.69569,334.531
269.2000,-0.693731,334.548
269.1000,-0.655259,334.575
269.0000,-0.624013,334.6
268.9000,-0.565366,334.629
268.8000,-0.528796,334.649
268.7000,-0.513693,334.679
268.6000,-0.566587,334.718
268.5000,-0.629195,334.768
268.4000,-0.644889,334.818
268.3000,-0.609354,334.853
268.2000,-0.646522,334.887
268.1000,-0.748957,334.916
268.0000,-0.776532,334.962
267.9000,-0.748178,335
267.8000,-0.730747,335.047
267.7000,-0.732429,335.081
267.6000,-0.821867,335.116
267.5000,-0.870927,335.153
267.4000,-0.875327,335.18
267.3000,-0.735713,335.217
267.2000,-0.609737,335.245
267.1000,-0.631751,335.285
267.0000,-0.618954,335.327
266.9000,-0.640283,335.382
266.8000,-0.557049,335.434
266.7000,-0.539636,335.469
266.6000,-0.492479,335.522
266.5000,-0.535818,335.574
266.4000,-0.637633,335.636
266.3000,-0.68052,335.697
266.2000,-0.738194,335.759
266.1000,-0.767069,335.811
266.0000,-0.792051,335.848
265.9000,-0.799769,335.909
265.8000,-0.801124,335.975
265.7000,-0.786121,336.04
265.6000,-0.807595,336.097
265.5000,-0.784537,336.148
265.4000,-0.713997,336.181
265.3000,-0.597665,336.215
265.2000,-0.543378,336.269
265.1000,-0.464249,336.33
265.0000,-0.42347,336.391
264.9000,-0.380756,336.456
264.8000,-0.362575,336.503
264.7000,-0.302495,336.56
264.6000,-0.341076,336.623
264.5000,-0.40693,336.698
264.4000,-0.456754,336.774
264.3000,-0.509906,336.838
264.2000,-0.525018,336.906
264.1000,-0.564865,336.971
264.0000,-0.607313,337.045
263.9000,-0.616802,337.119
263.8000,-0.626061,337.183
263.7000,-0.615349,337.247
263.6000,-0.622568,337.305
263.5000,-0.645231,337.366
263.4000,-0.656548,337.431
263.3000,-0.6131,337.485
263.2000,-0.539885,337.545
263.1000,-0.534071,337.616
263.0000,-0.488027,337.703
262.9000,-0.435392,337.781
262.8000,-0.393897,337.857
262.7000,-0.364091,337.933
262.6000,-0.325271,338.011
262.5000,-0.322971,338.097
262.4000,-0.40971,338.176
262.3000,-0.457517,338.256
262.2000,-0.516679,338.323
262.1000,-0.60291,338.393
262.0000,-0.626617,338.454
261.9000,-0.643803,338.528
261.8000,-0.694721,338.602
261.7000,-0.744031,338.663
261.6000,-0.734349,338.73
261.5000,-0.724934,338.794
261.4000,-0.759815,338.864
261.3000,-0.729008,338.932
261.2000,-0.767791,339.024
261.1000,-0.824936,339.119
261.0000,-0.778024,339.208
260.9000,-0.739122,339.286
260.8000,-0.733874,339.374
260.7000,-0.755994,339.47
260.6000,-0.723366,339.555
260.5000,-0.748613,339.642
260.4000,-0.749277,339.725
260.3000,-0.632277,339.8
260.2000,-0.568732,339.858
260.1000,-0.55251,339.923
260.0000,-0.608087,339.992
259.9000,-0.575637,340.049
259.8000,-0.555462,340.121
259.7000,-0.527972,340.197
259.6000,-0.425971,340.267
259.5000,-0.423587,340.343
259.4000,-0.460438,340.433
259.3000,-0.464247,340.52
259.2000,-0.429299,340.608
259.1000,-0.439625,340.698
259.0000,-0.432729,340.784
258.9000,-0.41967,340.876
258.8000,-0.423979,340.978
258.7000,-0.377573,341.07
258.6000,-0.328294,341.161
258.5000,-0.329176,341.254
258.4000,-0.314143,341.341
258.3000,-0.32927,341.432
258.2000,-0.336469,341.538
258.1000,-0.290172,341.641
258.0000,-0.283759,341.74
257.9000,-0.311036,341.838
257.8000,-0.372164,341.927
257.7000,-0.408141,342.017
257.6000,-0.509905,342.118
257.5000,-0.52431,342.218
257.4000,-0.525047,342.318
257.3000,-0.49923,342.403
257.2000,-0.50404,342.483
257.1000,-0.530388,342.566
257.0000,-0.596891,342.646
256.9000,-0.601313,342.734
256.8000,-0.570989,342.817
256.7000,-0.517677,342.911
256.6000,-0.569362,342.991
256.5000,-0.65732,343.061
256.4000,-0.746307,343.135
256.3000,-0.836399,343.201
256.2000,-0.835971,343.281
256.1000,-0.780428,343.376
256.0000,-0.739193,343.463
255.9000,-0.715068,343.541
255.8000,-0.701459,343.609
255.7000,-0.679293,343.698
255.6000,-0.649059,343.791
255.5000,-0.521069,343.886
255.4000,-0.363735,343.983
255.3000,-0.326068,344.065
255.2000,-0.310716,344.149
255.1000,-0.37916,344.228
255.0000,-0.406657,344.324
254.9000,-0.452424,344.409
254.8000,-0.49597,344.492
254.7000,-0.526133,344.588
254.6000,-0.58676,344.679
254.5000,-0.665138,344.773
254.4000,-0.689565,344.855
254.3000,-0.629536,344.946
254.2000,-0.560391,345.028
254.1000,-0.516038,345.119
254.0000,-0.449932,345.216
253.9000,-0.398945,345.316
253.8000,-0.451882,345.398
253.7000,-0.416426,345.486
253.6000,-0.443449,345.582
253.5000,-0.524178,345.687
253.4000,-0.584956,345.785
253.3000,-0.598564,345.887
253.2000,-0.51945,345.978
253.1000,-0.529091,346.061
253.0000,-0.463542,346.145
252.9000,-0.432645,346.231
252.8000,-0.433527,346.303
252.7000,-0.398157,346.377
252.6000,-0.346664,346.455
252.5000,-0.335999,346.542
252.4000,-0.361974,346.628
252.3000,-0.410717,346.716
252.2000,-0.463531,346.797
252.1000,-0.501867,346.889
252.0000,-0.525712,346.983
251.9000,-0.590552,347.068
251.8000,-0.578448,347.166
251.7000,-0.564182,347.255
251.6000,-0.596088,347.349
251.5000,-0.564619,347.448
251.4000,-0.438947,347.566
251.3000,-0.339115,347.684
251.2000,-0.234873,347.791
251.1000,-0.236326,347.898
251.0000,-0.247783,347.996
250.9000,-0.314418,348.104
250.8000,-0.299699,348.214
250.7000,-0.303004,348.32
250.6000,-0.392112,348.405
250.5000,-0.530724,348.48
250.4000,-0.662315,348.568
250.3000,-0.682516,348.667
250.2000,-0.63187,348.781
250.1000,-0.554414,348.888
250.0000,-0.498414,348.978
249.9000,-0.415843,349.073
249.8000,-0.287785,349.167
249.7000,-0.213245,349.272
249.6000,-0.166649,349.374
249.5000,-0.173244,349.476
249.4000,-0.202286,349.582
249.3000,-0.28543,349.677
249.2000,-0.353407,349.775
249.1000,-0.431831,349.887
249.0000,-0.576916,349.999
248.9000,-0.649468,350.106
248.8000,-0.705151,350.219
248.7000,-0.684362,350.336
248.6000,-0.603355,350.445
248.5000,-0.53595,350.554
248.4000,-0.492462,350.663
248.3000,-0.508119,350.755
248.2000,-0.466294,350.853
248.1000,-0.420782,350.966
248.0000,-0.349389,351.078
247.9000,-0.284812,351.195
247.8000,-0.285921,351.3
247.7000,-0.341065,351.393
247.6000,-0.365522,351.499
247.5000,-0.320097,351.613
247.4000,-0.274728,351.719
247.3000,-0.291796,351.812
247.2000,-0.385212,351.911
247.1000,-0.43936,352.005
247.0000,-0.457904,352.103
246.9000,-0.484195,352.216
246.8000,-0.468359,352.324
246.7000,-0.505505,352.429
246.6000,-0.56569,352.537
246.5000,-0.65996,352.657
246.4000,-0.690611,352.774
246.3000,-0.656693,352.887
246.2000,-0.668845,352.995
246.1000,-0.624464,353.115
246.0000,-0.61225,353.236
245.9000,-0.606416,353.364
245.8000,-0.566411,353.499
245.7000,-0.479152,353.636
245.6000,-0.450099,353.762
245.5000,-0.369739,353.893
245.4000,-0.397307,354.031
245.3000,-0.436164,354.162
245.2000,-0.476177,354.303
245.1000,-0.400156,354.45
245.0000,-0.389808,354.588
244.9000,-0.352825,354.719
244.8000,-0.265815,354.854
244.7000,-0.299183,354.999
244.6000,-0.240669,355.145
244.5000,-0.178824,355.289
244.4000,-0.17149,355.419
244.3000,-0.15701,355.543
244.2000,-0.216287,355.671
244.1000,-0.269201,355.809
244.0000,-0.348286,355.951
243.9000,-0.416984,356.085
243.8000,-0.478066,356.215
243.7000,-0.49648,356.351
243.6000,-0.566975,356.488
243.5000,-0.675304,356.632
243.4000,-0.662904,356.784
243.3000,-0.595124,356.932
243.2000,-0.566853,357.08
243.1000,-0.57536,357.229
243.0000,-0.675356,357.376
242.9000,-0.741863,357.526
242.8000,-0.713665,357.686
242.7000,-0.603424,357.855
242.6000,-0.653615,358.014
242.5000,-0.686115,358.17
242.4000,-0.714128,358.333
242.3000,-0.649768,358.503
242.2000,-0.523577,358.68
242.1000,-0.455419,358.855
242.0000,-0.457678,359.019
241.9000,-0.573896,359.179
241.8000,-0.600059,359.342
241.7000,-0.495961,359.513
241.6000,-0.535167,359.676
241.5000,-0.645836,359.836
241.4000,-0.727679,360.002
241.3000,-0.732925,360.185
241.2000,-0.661911,360.374
241.1000,-0.636206,360.563
241.0000,-0.659101,360.751
240.9000,-0.837587,360.941
240.8000,-0.889449,361.138
240.7000,-0.835195,361.336
240.6000,-0.824289,361.531
240.5000,-0.83007,361.722
240.4000,-0.916335,361.917
240.3000,-0.989872,362.121
240.2000,-0.967926,362.334
240.1000,-0.88131,362.55
240.0000,-0.925522,362.759
239.9000,-0.917826,362.978
239.8000,-0.808261,363.204
239.7000,-0.709749,363.428
239.6000,-0.581466,363.657
239.5000,-0.501545,363.894
239.4000,-0.439574,364.128
239.3000,-0.386089,364.358
239.2000,-0.289818,364.592
239.1000,-0.229091,364.832
239.0000,-0.213469,365.076
238.9000,-0.306704,365.323
238.8000,-0.493658,365.558
238.7000,-0.647588,365.783
238.6000,-0.676114,366.003
238.5000,-0.667231,366.234
238.4000,-0.574421,366.471
238.3000,-0.554532,366.705
238.2000,-0.699453,366.928
238.1000,-0.787129,367.152
238.0000,-0.716113,367.389
237.9000,-0.526305,367.64
237.8000,-0.463367,367.886
237.7000,-0.439879,368.13
237.6000,-0.470237,368.383
237.5000,-0.535906,368.646
237.4000,-0.349175,368.919
237.3000,-0.223095,369.182
237.2000,-0.169887,369.446
237.1000,-0.262487,369.694
237.0000,-0.295752,369.947
236.9000,-0.32572,370.21
236.8000,-0.404239,370.47
236.7000,-0.457254,370.726
236.6000,-0.49617,370.971
236.5000,-0.469719,371.231
236.4000,-0.510607,371.492
236.3000,-0.490032,371.763
236.2000,-0.307868,372.05
236.1000,-0.232168,372.327
236.0000,-0.110937,372.6
235.9000,-0.0349199,372.865
235.8000,0.0174401,373.14
235.7000,-0.146885,373.412
235.6000,-0.218398,373.688
235.5000,-0.326101,373.965
235.4000,-0.461091,374.237
235.3000,-0.575277,374.505
235.2000,-0.654988,374.78
235.1000,-0.677426,375.064
235.0000,-0.735802,375.349
234.9000,-0.695368,375.634
234.8000,-0.631679,375.923
234.7000,-0.588902,376.213
234.6000,-0.553682,376.494
234.5000,-0.557682,376.781
234.4000,-0.599699,377.075
234.3000,-0.679858,377.364
234.2000,-0.805061,377.649
234.1000,-0.934098,377.941
234.0000,-0.999895,378.232
233.9000,-1.03895,378.526
233.8000,-1.10523,378.828
233.7000,-1.18941,379.13
233.6000,-1.21834,379.431
233.5000,-1.2483,379.736
233.4000,-1.20988,380.042
233.3000,-1.11331,380.347
233.2000,-1.12954,380.651
233.1000,-1.10196,380.951
233.0000,-1.1512,381.249
232.9000,-1.11295,381.547
232.8000,-1.12712,381.845
232.7000,-1.18496,382.145
232.6000,-1.16266,382.445
232.5000,-1.22897,382.747
232.4000,-1.26206,383.051
232.3000,-1.33659,383.362
232.2000,-1.38331,383.669
232.1000,-1.48742,383.976
232.0000,-1.5791,384.282
231.9000,-1.4196,384.596
231.8000,-1.35474,384.901
231.7000,-1.36987,385.209
231.6000,-1.43048,385.519
231.5000,-1.46699,385.819
231.4000,-1.34197,386.125
231.3000,-1.12125,386.433
231.2000,-0.907849,386.746
231.1000,-0.940081,387.05
231.0000,-1.13473,387.35
230.9000,-1.21804,387.658
230.8000,-1.18198,387.957
230.7000,-1.14006,388.261
230.6000,-1.13703,388.564
230.5000,-1.20271,388.875
230.4000,-1.34258,389.181
230.3000,-1.36937,389.5
230.2000,-1.28194,389.819
230.1000,-1.27684,390.142
230.0000,-1.18858,390.466
229.9000,-1.1457,390.782
229.8000,-1.14559,391.099
229.7000,-1.0968,391.405
229.6000,-1.01487,391.71
229.5000,-1.08581,391.997
229.4000,-1.2492,392.275
229.3000,-1.31435,392.55
229.2000,-1.41489,392.816
229.1000,-1.52458,393.083
229.0000,-1.56551,393.355
228.9000,-1.758,393.63
228.8000,-1.91318,393.908
228.7000,-1.97149,394.204
228.6000,-1.98455,394.51
228.5000,-2.02779,394.813
228.4000,-1.96028,395.135
228.3000,-1.88969,395.465
228.2000,-1.84957,395.793
228.1000,-1.83098,396.125
228.0000,-1.82165,396.452
227.9000,-1.8922,396.768
227.8000,-1.84294,397.081
227.7000,-1.64618,397.41
227.6000,-1.66832,397.722
227.5000,-1.76305,398.024
227.4000,-1.81744,398.323
227.3000,-1.79178,398.626
227.2000,-1.62594,398.929
227.1000,-1.52598,399.228
227.0000,-1.50655,399.524
226.9000,-1.47118,399.81
226.8000,-1.45627,400.102
226.7000,-1.35166,400.399
226.6000,-1.24658,400.694
226.5000,-1.29149,400.975
226.4000,-1.42357,401.246
226.3000,-1.49387,401.519
226.2000,-1.58064,401.791
226.1000,-1.66998,402.063
226.0000,-1.59818,402.334
225.9000,-1.56358,402.6
225.8000,-1.70575,402.858
225.7000,-1.74185,403.122
225.6000,-1.83703,403.389
225.5000,-1.82703,403.657
225.4000,-1.7562,403.928
225.3000,-1.74576,404.203
225.2000,-1.86341,404.474
225.1000,-2.07683,404.738
225.0000,-2.0776,405.004
224.9000,-1.93681,405.274
224.8000,-1.81767,405.536
224.7000,-1.94061,405.789
224.6000,-2.06952,406.042
224.5000,-1.98963,406.296
224.4000,-1.90914,406.547
224.3000,-1.87955,406.793
224.2000,-1.84994,407.044
224.1000,-1.96122,407.291
224.0000,-1.9627,407.545
223.9000,-1.89282,407.802
223.8000,-1.89905,408.051
223.7000,-2.04868,408.297
223.6000,-2.07717,408.549
223.5000,-1.98493,408.809
223.4000,-1.91635,409.062
223.3000,-1.92577,409.3
223.2000,-2.00001,409.534
223.1000,-2.10368,409.77
223.0000,-1.88506,410.018
222.9000,-1.65013,410.264
222.8000,-1.58004,410.502
222.7000,-1.75692,410.727
222.6000,-1.88778,410.954
222.5000,-1.80991,411.194
222.4000,-1.76009,411.424
222.3000,-1.89654,411.652
222.2000,-2.05463,411.873
222.1000,-2.26834,412.09
222.0000,-2.28248,412.31
221.9000,-2.30456,412.522
221.8000,-2.22513,412.74
221.7000,-2.35073,412.951
221.6000,-2.35725,413.171
221.5000,-2.03951,413.399
221.4000,-1.89494,413.615
221.3000,-1.87327,413.828
221.2000,-1.95079,414.04
221.1000,-1.92016,414.261
221.0000,-1.9126,414.476
220.9000,-1.8836,414.69
220.8000,-1.90552,414.896
220.7000,-2.14367,415.093
220.6000,-2.30351,415.294
220.5000,-2.26836,415.507
220.4000,-2.29582,415.711
220.3000,-2.24123,415.914
220.2000,-2.28636,416.118
220.1000,-2.28985,416.318
220.0000,-2.31316,416.523
219.9000,-2.22253,416.736
219.8000,-2.10204,416.944
219.7000,-2.17341,417.145
219.6000,-2.25152,417.339
219.5000,-2.31508,417.541
219.4000,-2.32832,417.743
219.3000,-2.40366,417.939
219.2000,-2.38097,418.138
219.1000,-2.36034,418.332
219.0000,-2.21945,418.534
218.9000,-2.04876,418.728
218.8000,-1.7245,418.932
218.7000,-1.55019,419.127
218.6000,-1.4265,419.318
218.5000,-1.27696,419.507
218.4000,-1.08925,419.7
218.3000,-1.09528,419.883
218.2000,-1.16988,420.065
218.1000,-1.39762,420.244
218.0000,-1.47141,420.432
217.9000,-1.50634,420.615
217.8000,-1.51377,420.793
217.7000,-1.52313,420.976
217.6000,-1.70885,421.154
217.5000,-1.71153,421.341
217.4000,-1.77992,421.518
217.3000,-1.86581,421.693
217.2000,-1.97038,421.868
217.1000,-2.03884,422.044
217.0000,-2.06156,422.219
216.9000,-2.02059,422.402
216.8000,-1.73498,422.588
216.7000,-1.73205,422.76
216.6000,-1.76471,422.935
216.5000,-1.47831,423.121
216.4000,-1.39434,423.296
216.3000,-1.45299,423.463
216.2000,-1.44478,423.642
216.1000,-1.37286,423.815
216.0000,-1.48011,423.985
215.9000,-1.51796,424.156
215.8000,-1.26633,424.335
215.7000,-1.32204,424.513
215.6000,-1.45574,424.684
215.5000,-1.37011,424.867
215.4000,-1.36743,425.041
215.3000,-1.56782,425.209
215.2000,-1.669,425.377
215.1000,-1.8158,425.552
215.0000,-2.06598,425.725
214.9000,-2.22112,425.896
214.8000,-2.11249,426.077
214.7000,-1.98825,426.26
214.6000,-1.96463,426.439
214.5000,-1.97373,426.621
214.4000,-1.9207,426.805
214.3000,-1.74431,426.994
214.2000,-1.5259,427.18
214.1000,-1.35028,427.367
214.0000,-1.46996,427.542
213.9000,-1.50968,427.72
213.8000,-1.37729,427.907
213.7000,-1.18038,428.098
213.6000,-0.993143,428.29
213.5000,-1.07872,428.471
213.4000,-1.21694,428.654
213.3000,-1.3467,428.838
213.2000,-1.25214,429.032
213.1000,-1.24036,429.229
213.0000,-1.46123,429.417
212.9000,-1.631,429.608
212.8000,-1.75107,429.792
212.7000,-1.85336,429.981
212.6000,-1.80132,430.177
212.5000,-1.69118,430.375
212.4000,-1.7813,430.569
212.3000,-1.77306,430.757
212.2000,-1.68638,430.953
212.1000,-1.59478,431.15
212.0000,-1.46655,431.356
211.9000,-1.4323,431.566
211.8000,-1.4608,431.767
211.7000,-1.57863,431.967
211.6000,-1.48434,432.174
211.5000,-1.51235,432.379
211.4000,-1.67613,432.585
211.3000,-1.83741,432.794
211.2000,-1.79231,433.006
211.1000,-1.55178,433.223
211.0000,-1.56708,433.44
210.9000,-1.52348,433.656
210.8000,-1.51582,433.875
210.7000,-1.49922,434.103
210.6000,-1.2667,434.333
210.5000,-0.988501,434.567
210.4000,-1.09761,434.792
210.3000,-1.29729,435.024
210.2000,-1.35075,435.252
210.1000,-1.40825,435.49
210.0000,-1.42531,435.729
209.9000,-1.45944,435.967
209.8000,-1.55219,436.201
209.7000,-1.88515,436.43
209.6000,-2.15022,436.66
209.5000,-2.26247,436.892
209.4000,-2.43628,437.124
209.3000,-2.57784,437.357
209.2000,-2.61967,437.595
209.1000,-2.64079,437.837
209.0000,-2.88836,438.07
208.9000,-2.84119,438.32
208.8000,-2.58261,438.573
208.7000,-2.38788,438.825
208.6000,-2.11133,439.089
208.5000,-1.79387,439.357
208.4000,-1.78971,439.616
208.3000,-2.10178,439.862
208.2000,-2.02781,440.129
208.1000,-1.97814,440.396
208.0000,-2.05981,440.66
207.9000,-2.26769,440.923
207.8000,-2.66424,441.182
207.7000,-2.73731,441.45
207.6000,-2.63185,441.724
207.5000,-2.37156,442.007
207.4000,-2.14084,442.283
207.3000,-2.04932,442.557
207.2000,-2.04905,442.83
207.1000,-1.83861,443.11
207.0000,-1.60137,443.394
206.9000,-1.40189,443.674
206.8000,-1.50139,443.945
206.7000,-1.53184,444.221
206.6000,-1.55338,444.5
206.5000,-1.60863,444.78
206.4000,-1.6705,445.059
206.3000,-1.66679,445.345
206.2000,-1.66633,445.625
206.1000,-1.8767,445.899
206.0000,-1.83826,446.184
205.9000,-1.8961,446.466
205.8000,-1.63623,446.761
205.7000,-1.51184,447.056
205.6000,-1.53099,447.348
205.5000,-1.4288,447.645
205.4000,-1.41644,447.943
205.3000,-1.33445,448.249
205.2000,-1.26781,448.557
205.1000,-1.22136,448.872
205.0000,-1.22234,449.185
204.9000,-1.35663,449.496
204.8000,-1.26713,449.817
204.7000,-1.24626,450.14
204.6000,-1.05664,450.47
204.5000,-0.97171,450.799
204.4000,-0.972701,451.127
204.3000,-0.937685,451.457
204.2000,-0.861535,451.793
204.1000,-0.902813,452.127
204.0000,-0.96941,452.464
203.9000,-1.13187,452.799
203.8000,-1.19038,453.142
203.7000,-1.26891,453.486
203.6000,-1.39698,453.832
203.5000,-1.41777,454.187
203.4000,-1.39442,454.546
203.3000,-1.25855,454.911
203.2000,-0.983767,455.288
203.1000,-0.720493,455.668
203.0000,-0.693661,456.044
202.9000,-0.829236,456.418
202.8000,-0.674872,456.803
202.7000,-0.723026,457.186
202.6000,-0.738199,457.573
202.5000,-0.819195,457.957
202.4000,-0.826201,458.344
202.3000,-0.818612,458.737
202.2000,-0.611266,459.136
202.1000,-0.511822,459.54
202.0000,-0.692395,459.94
201.9000,-0.751975,460.353
201.8000,-0.627338,460.779
201.7000,-0.370664,461.211
201.6000,-0.292982,461.649
201.5000,-0.0607246,462.095
201.4000,0.00590241,462.547
201.3000,0.0381513,463.002
201.2000,0.309594,463.471
201.1000,0.545278,463.942
201.0000,0.559237,464.408
200.9000,0.470252,464.882
200.8000,0.145978,465.36
200.7000,0.034712,465.852
200.6000,0.0308882,466.354
200.5000,0.110655,466.869
200.4000,0.460712,467.404
200.3000,0.539323,467.943
200.2000,0.575297,468.49
200.1000,0.158423,469.028
200.0000,0.221106,469.581
199.9000,0.223817,470.137
199.8000,0.0438093,470.685
199.7000,-0.0569323,471.234
199.6000,-0.513912,471.77
199.5000,-0.822702,472.317
199.4000,-0.513393,472.883
199.3000,-0.0583595,473.459
199.2000,0.0601026,474.038
199.1000,0.0516696,474.621
199.0000,0.108281,475.223
198.9000,0.200799,475.842
198.8000,0.123379,476.475
198.7000,0.282847,477.135
198.6000,0.566202,477.817
198.5000,0.794538,478.522
198.4000,1.0001,479.239
198.3000,1.18143,479.974
198.2000,1.33467,480.732
198.1000,1.46072,481.517
198.0000,1.8813,482.34
197.9000,2.19608,483.183
197.8000,2.01413,484.028
197.7000,1.68574,484.887
197.6000,1.67498,485.771
197.5000,1.69177,486.671
197.4000,1.86237,487.576
197.3000,2.08745,488.474
197.2000,1.97094,489.335
197.1000,1.78646,490.171
197.0000,1.76494,490.996
196.9000,2.08478,491.827
196.8000,2.06437,492.647
196.7000,2.12686,493.482
196.6000,2.34245,494.347
196.5000,2.54982,495.244
196.4000,2.72839,496.197
196.3000,2.94898,497.205
196.2000,3.39298,498.281
196.1000,3.30949,499.407
196.0000,3.40601,500.609
195.9000,3.59696,501.9
195.8000,3.58542,503.273
195.7000,3.46717,504.758
195.6000,3.35317,506.354
195.5000,3.26861,508.078
195.4000,2.82754,509.883
195.3000,2.58872,511.756
195.2000,2.60968,513.673
195.1000,2.38888,515.582
195.0000,2.346,517.433
194.9000,2.20463,519.159
194.8000,2.02919,520.725
194.7000,2.11621,522.133
194.6000,2.88414,523.433
194.5000,3.93151,524.644
194.4000,4.36267,525.78
194.3000,4.50479,526.88
194.2000,4.68357,528.023
194.1000,4.96315,529.286
194.0000,5.34446,530.725
193.9000,5.42066,532.362
193.8000,5.01189,534.214
193.7000,4.63513,536.335
193.6000,4.59038,538.759
193.5000,4.6812,541.514
193.4000,4.50666,544.638
193.3000,4.0886,548.121
193.2000,4.50676,551.961
193.1000,5.01402,556.076
193.0000,5.63836,560.374
192.9000,6.09147,564.729
192.8000,5.95257,568.987
192.7000,6.02037,573.015
192.6000,6.50705,576.605
192.5000,6.8894,579.63
192.4000,6.35611,582.088
192.3000,5.29036,584.059
192.2000,4.44598,585.658
192.1000,3.82108,586.987
192.0000,3.74405,588.197
191.9000,3.77832,589.454
191.8000,3.30155,590.988
191.7000,3.13173,593.027
191.6000,3.28268,595.632
191.5000,3.82181,598.849
191.4000,5.04606,602.67
191.3000,5.37369,607.101
191.2000,5.62859,612.212
191.1000,6.02031,617.994
191.0000,6.88634,624.364
190.9000,7.6308,631.173
190.8000,8.27073,638.297
190.7000,8.72331,645.576
190.6000,8.05681,652.801
190.5000,7.36114,659.764
190.4000,6.74204,666.139
190.3000,5.17196,671.699
190.2000,3.87488,676.456
190.1000,4.05359,680.516
190.0000,3.5731,683.972

##### Extended Information
[Comments]
Sample name,ACE2_Erg_0.8uM
Comment
User
Division
Company,CSIR-IMTECH

[Detailed Information]
Creation date,4/9/2024 3:07 PM

Data array type,Linear data array * 2
Horizontal axis,Wavelength [nm]
Vertical axis(1),CD [mdeg]
Vertical axis(2),HT [V]
Start,350 nm
End,190 nm
Data interval,0.1 nm
Data points,1601    

[Measurement Information]
Instrument Name,JASCO CD
Model Name,J-815
Serial No.,B063061168

Accessory,PTC-423S
Accessory S/N,C013945-01
  Temperature,36.88 C
  Control Sonsor,Cell
  Monitor Sensor,Cell
  Start Mode,Start immediately
  Cell Length,10 mm

Measurement date,4/9/2024 3:07 PM

Photometric Mode,CD, HT
Measure Range,350 - 190 nm
Data pitch,0.1 nm
Sensitivity,Standard
D.I.T.,1 sec
Bandwidth,1.00 nm
Start Mode,Immediately
Scanning Speed,50 nm/min
Baseline Correction,None
Shutter Control,Auto
CD Detector,PMT
PMT Voltage,Auto
Accumulations,3
Concentration,0.8 umol/L

